userProfilePK,calendarDate,uuid,durationInMilliseconds,totalKilocalories,activeKilocalories,bmrKilocalories,wellnessKilocalories,remainingKilocalories,wellnessTotalKilocalories,wellnessActiveKilocalories,totalSteps,dailyStepGoal,totalDistanceMeters,wellnessDistanceMeters,wellnessStartTimeGmt,wellnessEndTimeGmt,wellnessStartTimeLocal,wellnessEndTimeLocal,highlyActiveSeconds,activeSeconds,moderateIntensityMinutes,vigorousIntensityMinutes,userIntensityMinutesGoal,userFloorsAscendedGoal,includesWellnessData,includesActivityData,includesCalorieConsumedData,includesSingleMeasurement,includesContinuousMeasurement,includesAllDayPulseOx,includesSleepPulseOx,source,allDayStress/userProfilePK,allDayStress/calendarDate,allDayStress/aggregatorList/0/type,allDayStress/aggregatorList/0/averageStressLevel,allDayStress/aggregatorList/0/averageStressLevelIntensity,allDayStress/aggregatorList/0/stressOffWristCount,allDayStress/aggregatorList/0/totalStressCount,allDayStress/aggregatorList/0/uncategorizedDuration,allDayStress/aggregatorList/0/totalDuration,allDayStress/aggregatorList/1/type,allDayStress/aggregatorList/1/averageStressLevel,allDayStress/aggregatorList/1/averageStressLevelIntensity,allDayStress/aggregatorList/1/stressOffWristCount,allDayStress/aggregatorList/1/totalStressCount,allDayStress/aggregatorList/1/uncategorizedDuration,allDayStress/aggregatorList/1/totalDuration,allDayStress/aggregatorList/2/type,allDayStress/aggregatorList/2/averageStressLevel,allDayStress/aggregatorList/2/averageStressLevelIntensity,version,minHeartRate,maxHeartRate,restingHeartRate,currentDayRestingHeartRate,restingHeartRateTimestamp,allDayStress/aggregatorList/0/maxStressLevel,allDayStress/aggregatorList/0/stressIntensityCount,allDayStress/aggregatorList/0/stressTooActiveCount,allDayStress/aggregatorList/0/totalStressIntensity,allDayStress/aggregatorList/0/stressDuration,allDayStress/aggregatorList/0/restDuration,allDayStress/aggregatorList/0/activityDuration,allDayStress/aggregatorList/0/lowDuration,allDayStress/aggregatorList/0/mediumDuration,allDayStress/aggregatorList/0/highDuration,allDayStress/aggregatorList/1/maxStressLevel,allDayStress/aggregatorList/1/stressIntensityCount,allDayStress/aggregatorList/1/stressTooActiveCount,allDayStress/aggregatorList/1/totalStressIntensity,allDayStress/aggregatorList/1/stressDuration,allDayStress/aggregatorList/1/restDuration,allDayStress/aggregatorList/1/activityDuration,allDayStress/aggregatorList/1/lowDuration,allDayStress/aggregatorList/1/mediumDuration,allDayStress/aggregatorList/1/highDuration,bodyBattery/userProfilePK,bodyBattery/calendarDate,bodyBattery/chargedValue,bodyBattery/drainedValue,bodyBattery/bodyBatteryVersion,bodyBattery/bodyBatteryStatList/0/bodyBatteryStatType,bodyBattery/bodyBatteryStatList/0/statsValue,bodyBattery/bodyBatteryStatList/0/bodyBatteryStatus,bodyBattery/bodyBatteryStatList/0/statTimestamp,bodyBattery/bodyBatteryStatList/1/bodyBatteryStatType,bodyBattery/bodyBatteryStatList/1/statsValue,bodyBattery/bodyBatteryStatList/1/bodyBatteryStatus,bodyBattery/bodyBatteryStatList/1/statTimestamp,bodyBattery/bodyBatteryStatList/2/bodyBatteryStatType,bodyBattery/bodyBatteryStatList/2/statsValue,bodyBattery/bodyBatteryStatList/2/bodyBatteryStatus,bodyBattery/bodyBatteryStatList/2/statTimestamp,minAvgHeartRate,maxAvgHeartRate,allDayStress/aggregatorList/2/maxStressLevel,allDayStress/aggregatorList/2/stressIntensityCount,allDayStress/aggregatorList/2/totalStressCount,allDayStress/aggregatorList/2/totalStressIntensity,allDayStress/aggregatorList/2/restDuration,allDayStress/aggregatorList/2/totalDuration,bodyBattery/bodyBatteryStatList/3/bodyBatteryStatType,bodyBattery/bodyBatteryStatList/3/statsValue,bodyBattery/bodyBatteryStatList/3/bodyBatteryStatus,bodyBattery/bodyBatteryStatList/3/statTimestamp,allDayStress/aggregatorList/2/stressOffWristCount,allDayStress/aggregatorList/2/stressTooActiveCount,allDayStress/aggregatorList/2/stressDuration,allDayStress/aggregatorList/2/activityDuration,allDayStress/aggregatorList/2/uncategorizedDuration,allDayStress/aggregatorList/2/lowDuration,allDayStress/aggregatorList/2/mediumDuration,allDayStress/aggregatorList/2/highDuration,restingCaloriesFromActivity
96200873,2021-11-09,795dea4b7d9541de96c5c773fd27ead1,86400000,2098,0,2098,2098,2098,2098,0,0,11330,0,0,2021-11-09T08:00:00.0,2021-11-10T08:00:00.0,2021-11-09T00:00:00.0,2021-11-10T00:00:00.0,0,0,0,0,150,10,true,false,false,false,false,false,false,0,96200873,2021-11-09,TOTAL,-1,-1,1440,1440,86400,86400,AWAKE,-1,-1,1440,1440,86400,86400,ASLEEP,-2,-2,1,,,,,,,,,,,,,,,,,,,,,,,,,,,,,,,,,,,,,,,,,,,,,,,,,,,,,,,,,,,,,,,
96200873,2021-11-10,a91bd51fea8b434ea8bbf96c0e09c6e3,86400000,2098,0,2098,2098,2098,2098,0,0,11330,0,0,2021-11-10T08:00:00.0,2021-11-11T08:00:00.0,2021-11-10T00:00:00.0,2021-11-11T00:00:00.0,0,0,0,0,150,10,true,false,false,false,false,false,false,0,96200873,2021-11-10,TOTAL,-1,-1,1440,1440,86400,86400,AWAKE,-1,-1,1440,1440,86400,86400,ASLEEP,-2,-2,1,,,,,,,,,,,,,,,,,,,,,,,,,,,,,,,,,,,,,,,,,,,,,,,,,,,,,,,,,,,,,,,
96200873,2021-11-11,53b09aab0e184e0d95568e3ff826afc3,86400000,2098,0,2098,2098,2098,2098,0,0,11330,0,0,2021-11-11T08:00:00.0,2021-11-12T08:00:00.0,2021-11-11T00:00:00.0,2021-11-12T00:00:00.0,0,0,0,0,150,10,true,false,false,false,false,false,false,0,96200873,2021-11-11,TOTAL,-1,-1,1440,1440,86400,86400,AWAKE,-1,-1,1440,1440,86400,86400,ASLEEP,-2,-2,1,,,,,,,,,,,,,,,,,,,,,,,,,,,,,,,,,,,,,,,,,,,,,,,,,,,,,,,,,,,,,,,
96200873,2021-11-12,5cd644f161b94351aef09bbb2b2b30b2,86400000,2570,472,2098,2570,2570,2570,472,7428,11330,7745,7745,2021-11-12T08:00:00.0,2021-11-13T08:00:00.0,2021-11-12T00:00:00.0,2021-11-13T00:00:00.0,1440,4050,6,22,150,10,true,true,false,false,false,false,false,0,96200873,2021-11-12,TOTAL,30,23,954,1439,57240,86340,AWAKE,30,23,954,1439,57240,86340,ASLEEP,-2,-2,2,49,176,60,60,1636790400000,90,390,95,3542,11340,12060,5700,7080,3480,780,90,390,95,3542,11340,12060,5700,7080,3480,780,96200873,2021-11-12,14,40,1,HIGHEST,84,RESET,2021-11-12T15:09:00.0,LOWEST,58,MODELED,2021-11-13T00:43:00.0,MOSTRECENT,58,MEASURED,2021-11-13T00:53:00.0,53,175,,,,,,,,,,,,,,,,,,,
96200873,2021-11-13,822789edcad44adabd0f4cf6178333f9,86400000,2098,0,2098,2098,2098,2098,0,0,10550,0,0,2021-11-13T08:00:00.0,2021-11-14T08:00:00.0,2021-11-13T00:00:00.0,2021-11-14T00:00:00.0,0,0,0,0,150,10,true,false,false,false,false,false,false,0,96200873,2021-11-13,TOTAL,-1,-1,1440,1440,86400,86400,AWAKE,-1,-1,1440,1440,86400,86400,ASLEEP,-2,-2,1,,,,,,,,,,,,,,,,,,,,,,,,,,,,,,,,,,,,,,,,,,,,,,,,,,,,,,,,,,,,,,,
96200873,2021-11-14,052aea21dbf04d7c9611acddeebd2e0b,86400000,2098,0,2098,2098,2098,2098,0,0,10550,0,0,2021-11-14T08:00:00.0,2021-11-15T08:00:00.0,2021-11-14T00:00:00.0,2021-11-15T00:00:00.0,0,0,0,0,150,10,true,false,false,false,false,false,false,0,96200873,2021-11-14,TOTAL,-1,-1,1439,1439,86340,86340,AWAKE,-1,-1,1439,1439,86340,86340,ASLEEP,-2,-2,1,,,,,,,,,,,,,,,,,,,,,,,,,,,,,,,,,,,,,,,,,,,,,,,,,,,,,,,,,,,,,,,
96200873,2021-11-15,4c184027d6864e0eb1f7d83bc0f117bb,86400000,2692,594,2098,2692,2692,2692,594,9033,10550,9970,9970,2021-11-15T08:00:00.0,2021-11-16T08:00:00.0,2021-11-15T00:00:00.0,2021-11-16T00:00:00.0,2310,3640,5,30,150,10,true,true,false,false,false,false,false,0,96200873,2021-11-15,TOTAL,39,35,894,1437,53640,86220,AWAKE,39,35,894,1437,53640,86220,ASLEEP,-2,-2,2,57,182,64,67,1637049600000,90,438,105,-5940,17760,8520,6300,9660,7260,840,90,438,105,-5940,17760,8520,6300,9660,7260,840,96200873,2021-11-15,6,47,1,HIGHEST,84,RESET,2021-11-15T15:01:00.0,LOWEST,43,MEASURED,2021-11-16T01:23:00.0,MOSTRECENT,43,MEASURED,2021-11-16T01:39:00.0,60,180,,,,,,,,,,,,,,,,,,,
96200873,2021-11-16,52afc1dcb2324edf9bd60a20b315b30c,86400000,2098,0,2098,2098,2098,2098,0,12,10250,10,10,2021-11-16T08:00:00.0,2021-11-17T08:00:00.0,2021-11-16T00:00:00.0,2021-11-17T00:00:00.0,0,15,0,0,150,10,true,false,false,false,false,false,false,0,96200873,2021-11-16,TOTAL,-1,-1,1440,1440,86400,86400,AWAKE,-1,-1,1440,1440,86400,86400,ASLEEP,-2,-2,1,,,,,,,,,,,,,,,,,,,,,,,,,,,,,,,,,,,,,,,,,,,,,,,,,,,,,,,,,,,,,,,
96200873,2021-11-17,ff823f64db054943a7b890ffe9f7924b,86400000,2762,608,2154,2762,2762,2762,608,9369,10250,9984,9984,2021-11-17T08:00:00.0,2021-11-18T08:00:00.0,2021-11-17T00:00:00.0,2021-11-18T00:00:00.0,2160,4120,3,34,150,10,true,true,false,false,false,false,false,0,96200873,2021-11-17,TOTAL,29,22,969,1438,58140,86280,AWAKE,29,22,969,1438,58140,86280,ASLEEP,-2,-2,2,45,176,62,60,1637222400000,90,359,110,5026,9180,12360,6600,5160,3000,1020,90,359,110,5026,9180,12360,6600,5160,3000,1020,96200873,2021-11-17,17,37,1,HIGHEST,83,RESET,2021-11-17T15:13:00.0,LOWEST,63,MEASURED,2021-11-17T23:52:00.0,MOSTRECENT,63,MEASURED,2021-11-17T23:56:00.0,51,173,,,,,,,,,,,,,,,,,,,
96200873,2021-11-18,b724d551156843ca9cd923a97d937bb6,86400000,2154,0,2154,2154,2154,2154,0,6,10080,5,5,2021-11-18T08:00:00.0,2021-11-19T08:00:00.0,2021-11-18T00:00:00.0,2021-11-19T00:00:00.0,0,60,0,0,150,10,true,false,false,false,false,false,false,0,96200873,2021-11-18,TOTAL,-1,-1,1440,1440,86400,86400,AWAKE,-1,-1,1440,1440,86400,86400,ASLEEP,-2,-2,1,,,,,,,,,,,,,,,,,,,,,,,,,,,,,,,,,,,,,,,,,,,,,,,,,,,,,,,,,,,,,,,
96200873,2021-11-19,2965cede239c425c9d3a3d6c27ad467d,86400000,2740,586,2154,2740,2740,2740,586,8684,10080,9556,9556,2021-11-19T08:00:00.0,2021-11-20T08:00:00.0,2021-11-19T00:00:00.0,2021-11-20T00:00:00.0,2100,3555,5,33,150,10,true,true,false,false,false,false,false,0,96200873,2021-11-19,TOTAL,20,18,953,1435,57180,86100,AWAKE,20,18,953,1435,57180,86100,ASLEEP,-2,-2,2,51,176,63,63,1637395200000,87,382,100,11811,3600,19320,6000,1860,1500,240,87,382,100,11811,3600,19320,6000,1860,1500,240,96200873,2021-11-19,19,30,1,HIGHEST,90,MEASURED,2021-11-19T21:30:00.0,LOWEST,74,MEASURED,2021-11-19T23:37:00.0,MOSTRECENT,74,MEASURED,2021-11-19T23:42:00.0,55,170,,,,,,,,,,,,,,,,,,,
96200873,2021-11-20,ea07af7628554a0992215daf618e0762,86400000,2592,438,2154,2592,2592,2592,438,5053,9800,6537,6537,2021-11-20T08:00:00.0,2021-11-21T08:00:00.0,2021-11-20T00:00:00.0,2021-11-21T00:00:00.0,1860,150,2,31,150,10,true,true,false,false,false,false,false,0,96200873,2021-11-20,TOTAL,59,59,509,1439,30540,86340,AWAKE,59,59,509,1439,30540,86340,ASLEEP,-2,-2,2,79,179,,,,85,3,927,-137,180,,55620,60,60,60,85,3,927,-137,180,,55620,60,60,60,96200873,2021-11-20,0,12,1,HIGHEST,76,RESET,2021-11-20T16:29:00.0,LOWEST,64,MEASURED,2021-11-20T17:07:00.0,MOSTRECENT,64,MEASURED,2021-11-20T17:10:00.0,83,178,,,,,,,,,,,,,,,,,,,
96200873,2021-11-21,5216334f5b8849899d823e5aaabd7f51,86400000,2154,0,2154,2154,2154,2154,0,0,8850,0,0,2021-11-21T08:00:00.0,2021-11-22T08:00:00.0,2021-11-21T00:00:00.0,2021-11-22T00:00:00.0,0,0,0,0,150,10,true,false,false,false,false,false,false,0,96200873,2021-11-21,TOTAL,-2,-2,,1440,,86400,AWAKE,-2,-2,,1440,,86400,ASLEEP,-2,-2,1,,,,,,,,1440,,,,86400,,,,,,1440,,,,86400,,,,,,,,,,,,,,,,,,,,,,,,,,,,,,,,,,,,,,,,,
96200873,2021-11-22,6d6d9b4b062d437595b808781cc7d9a1,86400000,2722,568,2154,2722,2722,2722,568,6925,8850,8148,8148,2021-11-22T08:00:00.0,2021-11-23T08:00:00.0,2021-11-22T00:00:00.0,2021-11-23T00:00:00.0,2340,1415,6,34,150,10,true,true,false,false,false,false,false,0,96200873,2021-11-22,TOTAL,19,16,18,1440,1080,86400,AWAKE,19,16,18,1440,1080,86400,ASLEEP,-2,-2,2,51,187,62,63,1637654400000,92,205,1217,7478,1680,10620,73020,780,420,480,92,205,1217,7478,1680,10620,73020,780,420,480,96200873,2021-11-22,17,18,1,HIGHEST,76,MEASURED,2021-11-22T22:29:00.0,LOWEST,61,MEASURED,2021-11-22T19:01:00.0,MOSTRECENT,61,MEASURED,2021-11-22T23:49:00.0,55,184,,,,,,,,,,,,,,,,,,,
96200873,2021-11-23,5fb36d4a96324403b6c7cab94e2fd3c0,86400000,2545,391,2154,2545,2545,2545,391,6167,8470,6954,6954,2021-11-23T08:00:00.0,2021-11-24T08:00:00.0,2021-11-23T00:00:00.0,2021-11-24T00:00:00.0,1800,1710,1,24,150,10,true,true,false,false,false,false,false,0,96200873,2021-11-23,TOTAL,25,20,546,1438,32760,86280,AWAKE,25,20,546,1438,32760,86280,ASLEEP,-2,-2,2,52,173,62,63,1637740800000,83,220,672,4618,3960,9240,40320,2040,1620,300,83,220,672,4618,3960,9240,40320,2040,1620,300,96200873,2021-11-23,11,17,1,HIGHEST,74,MEASURED,2021-11-23T19:45:00.0,LOWEST,60,MEASURED,2021-11-23T23:20:00.0,MOSTRECENT,60,MEASURED,2021-11-23T23:40:00.0,52,168,,,,,,,,,,,,,,,,,,,
96200873,2021-11-24,4539ad0e96d14ad58256d9db5f9efb8d,86400000,2791,665,2126,2791,2791,2791,665,10162,10530,10844,10844,2021-11-24T08:00:00.0,2021-11-25T08:00:00.0,2021-11-24T00:00:00.0,2021-11-25T00:00:00.0,2550,5239,6,33,150,10,true,true,false,false,false,false,false,0,96200873,2021-11-24,TOTAL,22,18,546,1438,32760,86280,AWAKE,26,20,546,1331,32760,79860,ASLEEP,4,5,73800002,40,184,59,46,1637827200000,96,758,134,23719,14160,31320,8040,8220,4020,1920,96,651,134,14804,14160,24900,8040,8220,4020,1920,96200873,2021-11-24,67,58,1,HIGHEST,90,MEASURED,2021-11-24T18:30:00.0,LOWEST,54,MEASURED,2021-11-25T01:30:00.0,MOSTRECENT,89,MEASURED,2021-11-25T08:00:00.0,42,180,19,107,107,8915,6420,6420,ENDOFDAY,69,MEASURED,2021-11-25T06:14:00.0,,,,,,,,,
96200873,2021-11-25,64f4e6a429d646ed83cb8aa4b94c7e2f,86400000,2584,458,2126,2584,2584,2584,458,5757,10460,6670,6670,2021-11-25T08:00:00.0,2021-11-26T08:00:00.0,2021-11-25T00:00:00.0,2021-11-26T00:00:00.0,2100,2244,1,26,150,10,true,true,false,false,false,false,false,0,96200873,2021-11-25,TOTAL,19,15,65,1434,3900,86040,AWAKE,29,22,57,805,3420,48300,ASLEEP,9,9,36360002,39,191,56,45,1637913600000,92,1221,148,48918,16860,56400,8880,8280,7500,1080,92,601,147,8845,16080,19980,8820,7740,7260,1080,96200873,2021-11-25,62,67,1,HIGHEST,100,MEASURED,2021-11-25T09:17:00.0,LOWEST,64,MEASURED,2021-11-25T20:26:00.0,MOSTRECENT,84,MEASURED,2021-11-26T08:00:00.0,40,191,72,620,629,40073,36420,37740,ENDOFDAY,78,MEASURED,2021-11-26T06:07:00.0,8,1,780,60,480,540,240,,
96200873,2021-11-26,00aee41e34784cfc9f743c281918261c,86400000,2596,470,2126,2596,2596,2596,470,5837,9520,7255,7255,2021-11-26T08:00:00.0,2021-11-27T08:00:00.0,2021-11-26T00:00:00.0,2021-11-27T00:00:00.0,1980,1665,3,34,150,10,true,true,false,false,false,false,false,0,96200873,2021-11-26,TOTAL,18,15,663,1439,39780,86340,AWAKE,27,20,658,1005,39480,60300,ASLEEP,11,11,33420002,45,183,54,52,1638000000000,92,728,48,30852,5820,37860,2880,1200,3360,1260,92,301,46,6445,5160,12900,2760,780,3120,1260,96200873,2021-11-26,48,35,1,HIGHEST,100,MEASURED,2021-11-26T11:41:00.0,LOWEST,30,RESET,2021-11-27T04:10:00.0,MOSTRECENT,61,MEASURED,2021-11-27T08:00:00.0,45,183,65,427,434,24407,24960,26040,ENDOFDAY,61,MEASURED,2021-11-27T08:00:00.0,5,2,660,120,300,420,240,,
96200873,2021-11-27,bdb3fa0831ef41708da38126ad3e6cd0,86400000,2605,479,2126,2605,2605,2605,479,5946,8790,7202,7202,2021-11-27T08:00:00.0,2021-11-28T08:00:00.0,2021-11-27T00:00:00.0,2021-11-28T00:00:00.0,2280,1800,1,32,150,10,true,true,false,false,false,false,false,0,96200873,2021-11-27,TOTAL,18,15,135,1439,8100,86340,AWAKE,24,19,131,1046,7860,62760,ASLEEP,7,8,63120002,40,186,53,48,1638086400000,90,1232,72,49101,15780,58140,4320,8700,6300,780,90,844,71,21127,15420,35220,4260,8520,6120,780,96200873,2021-11-27,82,53,1,HIGHEST,100,MEASURED,2021-11-27T12:51:00.0,LOWEST,61,MEASURED,2021-11-27T08:01:00.0,MOSTRECENT,90,MEASURED,2021-11-28T08:00:00.0,40,185,68,388,393,27974,22920,23580,ENDOFDAY,90,MEASURED,2021-11-28T08:00:00.0,4,1,360,60,240,180,180,,
96200873,2021-11-28,97c14c43d0e24925a93925c99f7e1768,86400000,2177,51,2126,2177,2177,2177,51,1278,8230,1060,1060,2021-11-28T08:00:00.0,2021-11-29T08:00:00.0,2021-11-28T00:00:00.0,2021-11-29T00:00:00.0,510,1440,0,0,150,10,true,false,false,false,false,false,false,0,96200873,2021-11-28,TOTAL,33,23,73,1440,4380,86400,AWAKE,52,51,58,810,3480,48600,ASLEEP,11,11,30720003,41,121,52,47,1638172800000,90,1313,54,10710,40320,38460,3240,18120,18840,3360,90,699,53,-24189,39540,2400,3180,17400,18780,3360,96200873,2021-11-28,24,71,1,HIGHEST,100,MEASURED,2021-11-28T09:16:00.0,LOWEST,29,MEASURED,2021-11-29T05:43:00.0,MOSTRECENT,43,MEASURED,2021-11-29T08:00:00.0,41,106,54,614,630,34899,36060,37800,ENDOFDAY,31,MEASURED,2021-11-29T06:02:00.0,15,1,780,60,900,720,60,,
96200873,2021-11-29,77b650189abe41f1b66b65210252b538,86400000,2722,596,2126,2722,2722,2722,596,8935,6840,9896,9896,2021-11-29T08:00:00.0,2021-11-30T08:00:00.0,2021-11-29T00:00:00.0,2021-11-30T00:00:00.0,2445,4436,7,32,150,10,true,true,false,false,false,false,false,0,96200873,2021-11-29,TOTAL,32,22,97,1405,5820,84300,AWAKE,51,48,85,896,5100,53760,ASLEEP,8,8,55800002,39,179,50,47,1638259200000,91,1099,209,15477,31980,33960,12540,12240,17340,2400,91,605,206,-18821,31500,4800,12360,11940,17160,2400,96200873,2021-11-29,79,84,1,HIGHEST,100,MEASURED,2021-11-29T13:32:00.0,LOWEST,22,MEASURED,2021-11-30T01:55:00.0,MOSTRECENT,48,MEASURED,2021-11-30T08:00:00.0,40,176,66,494,509,34298,29160,30540,ENDOFDAY,24,MEASURED,2021-11-30T05:35:00.0,12,3,480,180,720,300,180,,
96200873,2021-11-30,3668b54473c444dfb18625a3df533b54,86400000,2770,644,2126,2770,2770,2770,644,10011,7050,10767,10767,2021-11-30T08:00:00.0,2021-12-01T08:00:00.0,2021-11-30T00:00:00.0,2021-12-01T00:00:00.0,2478,5782,3,33,150,10,true,true,false,false,false,false,false,0,96200873,2021-11-30,TOTAL,37,25,76,1435,4560,86100,AWAKE,49,44,69,1043,4140,62580,ASLEEP,9,9,77280002,41,186,47,46,1638345600000,92,1226,133,3064,39360,34200,7980,10980,22080,6300,92,844,130,-21875,38760,11880,7800,10560,21900,6300,96200873,2021-11-30,71,82,1,HIGHEST,100,MEASURED,2021-11-30T14:29:00.0,LOWEST,21,MEASURED,2021-12-01T05:38:00.0,MOSTRECENT,37,MEASURED,2021-12-01T08:00:00.0,42,184,69,382,392,24939,22320,23520,ENDOFDAY,37,MEASURED,2021-12-01T08:00:00.0,7,3,600,180,420,420,180,,
96200873,2021-12-01,a04ea5b43e574e1eb001403deee98958,86400000,2728,602,2126,2728,2728,2728,602,9332,7650,10115,10115,2021-12-01T08:00:00.0,2021-12-02T08:00:00.0,2021-12-01T00:00:00.0,2021-12-02T00:00:00.0,2134,4398,6,32,150,10,true,true,false,false,false,false,false,0,96200873,2021-12-01,TOTAL,32,23,477,1438,28620,86280,AWAKE,51,49,462,1015,27720,60900,ASLEEP,11,12,55860002,42,180,47,47,1638432000000,89,849,112,8007,25080,25860,6720,10920,12480,1680,89,442,111,-14484,24600,1920,6660,10680,12240,1680,96200873,2021-12-01,56,65,1,HIGHEST,91,MEASURED,2021-12-01T14:49:00.0,LOWEST,28,MEASURED,2021-12-02T01:19:00.0,MOSTRECENT,28,MEASURED,2021-12-02T01:42:00.0,43,180,75,407,423,22491,23940,25380,,,,,15,1,480,60,900,240,240,,
96200873,2021-12-02,26d19d1c36ab4daba47ecb57e34e7232,86400000,2726,600,2126,2726,2726,2726,600,9744,7990,10565,10565,2021-12-02T08:00:00.0,2021-12-03T08:00:00.0,2021-12-02T00:00:00.0,2021-12-03T00:00:00.0,2460,5140,8,32,150,10,true,true,false,false,false,false,false,0,96200873,2021-12-02,TOTAL,38,28,581,1437,34860,86220,AWAKE,41,34,563,1325,33780,79500,ASLEEP,15,15,27300002,45,181,48,48,1638518400000,92,701,155,-3088,26940,15120,9300,13440,10920,2580,92,607,155,-7153,26520,9900,9300,13140,10800,2580,96200873,2021-12-02,33,69,1,HIGHEST,83,RESET,2021-12-02T15:13:00.0,LOWEST,35,MEASURED,2021-12-03T05:32:00.0,MOSTRECENT,47,MEASURED,2021-12-03T08:00:00.0,45,180,74,94,112,4065,5220,6720,ENDOFDAY,36,MEASURED,2021-12-03T06:09:00.0,18,,420,,1080,300,120,,
96200873,2021-12-03,68c3bf38caf84a8a9cf55b590e41b284,86400000,2242,116,2126,2242,2242,2242,116,4012,8340,3286,3286,2021-12-03T08:00:00.0,2021-12-04T08:00:00.0,2021-12-03T00:00:00.0,2021-12-04T00:00:00.0,700,4325,0,0,150,10,true,false,false,false,false,false,false,0,96200873,2021-12-03,TOTAL,26,21,175,1440,10500,86400,AWAKE,36,27,163,942,9780,56520,ASLEEP,13,13,70260002,41,101,48,51,1638604800000,89,1183,82,22312,25080,45900,4920,14220,9300,1560,89,698,81,-1788,24720,17160,4860,13920,9240,1560,96200873,2021-12-03,68,56,1,HIGHEST,94,MEASURED,2021-12-03T14:37:00.0,LOWEST,47,MEASURED,2021-12-03T08:01:00.0,MOSTRECENT,59,MEASURED,2021-12-04T08:00:00.0,43,100,56,485,498,24100,28740,29880,ENDOFDAY,54,MEASURED,2021-12-04T06:26:00.0,12,1,360,60,720,300,60,,
96200873,2021-12-04,315c9365179f48cfa1b7f0f31ce4e099,86400000,2749,623,2126,2749,2749,2749,623,7852,7910,10102,10102,2021-12-04T08:00:00.0,2021-12-05T08:00:00.0,2021-12-04T00:00:00.0,2021-12-05T00:00:00.0,2783,407,4,44,150,10,true,true,false,false,false,false,false,0,96200873,2021-12-04,TOTAL,9,9,861,1438,51660,86280,AWAKE,38,31,848,925,50880,55500,ASLEEP,8,8,35880002,40,183,47,46,1638691200000,74,521,56,34158,1200,30060,3360,540,660,,74,23,54,-185,720,660,3240,180,540,,96200873,2021-12-04,41,21,1,HIGHEST,100,MEASURED,2021-12-04T13:23:00.0,LOWEST,59,MEASURED,2021-12-04T08:01:00.0,MOSTRECENT,79,MEASURED,2021-12-04T18:13:00.0,40,182,58,498,513,34343,29400,30780,,,,,13,2,480,120,780,360,120,,
96200873,2021-12-05,bd2141810d7f47e988867ff44e0f62bf,86400000,2302,176,2126,2302,2302,2302,176,6573,7900,5390,5390,2021-12-05T08:00:00.0,2021-12-06T08:00:00.0,2021-12-05T00:00:00.0,2021-12-06T00:00:00.0,690,5650,0,0,150,10,true,false,false,false,false,false,false,0,96200873,2021-12-05,TOTAL,26,20,593,1440,35580,86400,AWAKE,26,20,593,1440,35580,86400,ASLEEP,-2,-2,58260002,41,109,48,48,1638777600000,96,722,125,15482,16500,26820,7500,9300,5460,1740,96,722,125,15482,16500,26820,7500,9300,5460,1740,96200873,2021-12-05,51,43,1,HIGHEST,86,MEASURED,2021-12-06T07:54:00.0,LOWEST,54,MEASURED,2021-12-05T23:17:00.0,MOSTRECENT,86,MEASURED,2021-12-06T08:00:00.0,44,109,,,,,,,ENDOFDAY,86,MEASURED,2021-12-06T08:00:00.0,,,,,,,,,
96200873,2021-12-06,c0008cbea3184ac19212e1bec5f47678,86400000,2719,593,2126,2719,2719,2719,593,9617,7640,10432,10432,2021-12-06T08:00:00.0,2021-12-07T08:00:00.0,2021-12-06T00:00:00.0,2021-12-07T00:00:00.0,2568,4434,9,34,150,10,true,true,false,false,false,false,false,0,96200873,2021-12-06,TOTAL,23,18,285,1436,17100,86160,AWAKE,38,31,280,892,16800,53520,ASLEEP,9,9,57240002,40,183,47,46,1638864000000,88,1031,120,29615,20940,40920,7200,12780,7140,1020,88,495,117,-4616,20520,9180,7020,12420,7080,1020,96200873,2021-12-06,44,68,1,HIGHEST,100,MEASURED,2021-12-06T10:26:00.0,LOWEST,37,MEASURED,2021-12-07T02:24:00.0,MOSTRECENT,62,MEASURED,2021-12-07T08:00:00.0,41,181,55,536,544,34231,31740,32640,ENDOFDAY,44,MEASURED,2021-12-07T05:30:00.0,5,3,420,180,300,360,60,,
96200873,2021-12-07,a37090e4491445cfa04d909ff24144d1,86400000,2733,607,2126,2733,2733,2733,607,9361,7840,10197,10197,2021-12-07T08:00:00.0,2021-12-08T08:00:00.0,2021-12-07T00:00:00.0,2021-12-08T00:00:00.0,2295,4940,4,35,150,10,true,true,false,false,false,false,false,0,96200873,2021-12-07,TOTAL,31,22,119,1438,7140,86280,AWAKE,47,43,109,938,6540,56280,ASLEEP,8,9,55740002,40,190,47,45,1638950400000,91,1187,132,15162,35280,35940,7920,16140,17100,2040,91,699,130,-17392,35160,6780,7800,16020,17100,2040,96200873,2021-12-07,68,76,1,HIGHEST,100,MEASURED,2021-12-07T13:00:00.0,LOWEST,26,MEASURED,2021-12-08T03:25:00.0,MOSTRECENT,54,MEASURED,2021-12-08T08:00:00.0,41,189,36,488,500,32554,29160,30000,ENDOFDAY,37,MEASURED,2021-12-08T06:13:00.0,10,2,120,120,600,120,,,
96200873,2021-12-08,a5132a27231546baa2882b2e121593bc,86400000,2777,651,2126,2777,2777,2777,651,9859,8150,10766,10766,2021-12-08T08:00:00.0,2021-12-09T08:00:00.0,2021-12-08T00:00:00.0,2021-12-09T00:00:00.0,3210,4915,4,31,150,10,true,true,false,false,false,false,false,0,96200873,2021-12-08,TOTAL,30,21,158,1433,9480,85980,AWAKE,46,40,148,926,8880,55560,ASLEEP,9,10,64860002,39,177,47,47,1639036800000,93,1124,151,18109,28320,39120,9060,9720,15420,3180,93,628,150,-12999,27900,9780,9000,9420,15300,3180,96200873,2021-12-08,78,76,1,HIGHEST,100,MEASURED,2021-12-08T14:15:00.0,LOWEST,27,MODELED,2021-12-09T01:52:00.0,MOSTRECENT,56,MEASURED,2021-12-09T08:00:00.0,40,174,51,496,507,31108,29340,30420,ENDOFDAY,37,MEASURED,2021-12-09T06:12:00.0,10,1,420,60,600,300,120,,
96200873,2021-12-09,0d3c11f7fff94f1d99b4f939a62fa7c0,86400000,2729,603,2126,2729,2729,2729,603,10370,8500,11102,11102,2021-12-09T08:00:00.0,2021-12-10T08:00:00.0,2021-12-09T00:00:00.0,2021-12-10T00:00:00.0,2760,6085,2,35,150,10,true,true,false,false,false,false,false,0,96200873,2021-12-09,TOTAL,27,21,159,1436,9540,86160,AWAKE,37,28,156,1045,9360,62700,ASLEEP,9,9,74340002,41,183,47,49,1639123200000,90,1134,143,22001,27240,40800,8580,13320,12600,1320,90,746,143,-3167,27000,17760,8580,13200,12480,1320,96200873,2021-12-09,72,69,1,HIGHEST,100,MEASURED,2021-12-09T13:43:00.0,LOWEST,41,MEASURED,2021-12-10T01:33:00.0,MOSTRECENT,59,MEASURED,2021-12-10T08:00:00.0,42,182,57,388,391,25168,23040,23460,ENDOFDAY,59,MEASURED,2021-12-10T08:00:00.0,3,,240,,180,120,120,,
96200873,2021-12-10,48e608ad98614efa938c2807ca818cd7,86400000,2733,607,2126,2733,2733,2733,607,8962,8880,9912,9912,2021-12-10T08:00:00.0,2021-12-11T08:00:00.0,2021-12-10T00:00:00.0,2021-12-11T00:00:00.0,1865,5256,2,33,150,10,true,true,false,false,false,false,false,0,96200873,2021-12-10,TOTAL,34,25,147,1436,8820,86160,AWAKE,44,39,123,871,7380,52260,ASLEEP,22,19,55860002,42,185,48,53,1639209600000,93,1176,113,2367,36540,34020,6780,17700,16500,2340,93,637,111,-11951,30000,8220,6660,14340,13560,2100,96200873,2021-12-10,51,68,1,HIGHEST,80,MEASURED,2021-12-10T14:32:00.0,LOWEST,29,MEASURED,2021-12-11T03:23:00.0,MOSTRECENT,42,MEASURED,2021-12-11T08:00:00.0,44,183,81,539,565,14318,25800,33900,ENDOFDAY,33,MEASURED,2021-12-11T05:18:00.0,24,2,6540,120,1440,3360,2940,240,
96200873,2021-12-11,5e4ef4e4c6b14984afa66164f3b747c9,86400000,2645,519,2126,2645,2645,2645,519,7993,8900,9358,9358,2021-12-11T08:00:00.0,2021-12-12T08:00:00.0,2021-12-11T00:00:00.0,2021-12-12T00:00:00.0,2687,3113,2,33,150,10,true,true,false,false,false,false,false,0,96200873,2021-12-11,TOTAL,30,21,44,1439,2640,86340,AWAKE,53,51,41,1032,2460,61920,ASLEEP,10,10,53340002,40,176,48,48,1639296000000,89,753,642,12140,19860,25320,38520,7980,10020,1860,89,351,640,-12403,19200,1860,38400,7440,9900,1860,96200873,2021-12-11,55,58,1,HIGHEST,95,MEASURED,2021-12-11T14:38:00.0,LOWEST,39,MEASURED,2021-12-11T22:49:00.0,MOSTRECENT,39,MEASURED,2021-12-11T22:54:00.0,40,172,64,402,407,24543,23460,24420,,,,,3,2,660,120,180,540,120,,
96200873,2021-12-12,c9eb72650b6b4bd187c055f3ffa646f5,86400000,2129,3,2126,2129,2129,2129,3,158,8810,129,129,2021-12-12T08:00:00.0,2021-12-13T08:00:00.0,2021-12-12T00:00:00.0,2021-12-13T00:00:00.0,75,255,0,0,150,10,true,false,false,false,false,false,false,0,96200873,2021-12-12,TOTAL,10,10,11,1440,660,86400,AWAKE,13,11,2,1296,120,77760,ASLEEP,8,9,71520002,45,85,49,52,1639382400000,74,226,1203,14032,900,12660,72180,540,360,,74,92,1202,5156,660,4860,72120,300,360,,96200873,2021-12-12,42,2,1,HIGHEST,70,MEASURED,2021-12-13T07:59:00.0,LOWEST,30,RESET,2021-12-13T03:52:00.0,MOSTRECENT,70,MEASURED,2021-12-13T08:00:00.0,45,85,36,134,144,8876,7800,8640,ENDOFDAY,45,MEASURED,2021-12-13T05:37:00.0,9,1,240,60,540,240,,,
96200873,2021-12-13,bb4a595acbf949e5850275ba74ff110d,86400000,2737,611,2126,2737,2737,2737,611,8616,8810,8947,8947,2021-12-13T08:00:00.0,2021-12-14T08:00:00.0,2021-12-13T00:00:00.0,2021-12-14T00:00:00.0,2029,5881,11,30,150,10,true,true,false,false,false,false,false,0,96200873,2021-12-13,TOTAL,33,23,93,1439,5580,86340,AWAKE,48,43,79,943,4740,56580,ASLEEP,10,10,57120002,39,183,49,46,1639468800000,96,1193,153,11918,35580,36000,9180,14580,16500,4500,96,712,152,-17869,34560,8160,9120,13980,16080,4500,96200873,2021-12-13,62,79,1,HIGHEST,100,MEASURED,2021-12-13T13:08:00.0,LOWEST,25,MEASURED,2021-12-14T02:21:00.0,MOSTRECENT,53,MEASURED,2021-12-14T08:00:00.0,40,183,65,481,496,29787,27840,29760,ENDOFDAY,33,MEASURED,2021-12-14T06:22:00.0,14,1,1020,60,840,600,420,,
96200873,2021-12-14,0d3af67f7f4c4b459f4fd0182b670fc6,86400000,2902,776,2126,2902,2902,2902,776,11485,8780,12729,12729,2021-12-14T08:00:00.0,2021-12-15T08:00:00.0,2021-12-14T00:00:00.0,2021-12-15T00:00:00.0,3165,5975,2,40,150,10,true,true,false,false,false,false,false,0,96200873,2021-12-14,TOTAL,34,23,85,1439,5100,86340,AWAKE,51,47,76,931,4560,55860,ASLEEP,9,9,58740003,41,187,49,48,1639555200000,93,1200,154,11495,35160,36840,9240,10620,20100,4440,93,702,153,-20983,34680,7440,9180,10320,19920,4440,96200873,2021-12-14,81,89,1,HIGHEST,100,MEASURED,2021-12-14T14:05:00.0,LOWEST,21,MEASURED,2021-12-15T05:12:00.0,MOSTRECENT,45,MEASURED,2021-12-15T08:00:00.0,42,185,67,498,508,32478,29400,30480,ENDOFDAY,24,MEASURED,2021-12-15T06:06:00.0,9,1,480,60,540,300,180,,
96200873,2021-12-15,0feacf9869df4787bdd476a86e31afad,86400000,2711,585,2126,2711,2711,2711,585,9396,9050,10161,10161,2021-12-15T08:00:00.0,2021-12-16T08:00:00.0,2021-12-15T00:00:00.0,2021-12-16T00:00:00.0,2400,4510,10,35,150,10,true,true,false,false,false,false,false,0,96200873,2021-12-15,TOTAL,31,23,125,1417,7500,85020,AWAKE,45,40,118,1034,7080,62040,ASLEEP,10,10,56280002,41,176,49,49,1639641600000,87,954,338,10842,27900,29340,20280,12540,12960,2400,87,580,336,-12110,27060,7740,20160,11820,12840,2400,96200873,2021-12-15,57,70,1,HIGHEST,96,MEASURED,2021-12-15T14:39:00.0,LOWEST,34,MEASURED,2021-12-16T04:15:00.0,MOSTRECENT,34,MEASURED,2021-12-16T04:27:00.0,42,172,54,374,383,22952,21600,22980,,,,,7,2,840,120,420,720,120,,
96200873,2021-12-16,322dd3044115441eb2aa6c3d75ac9fa9,86400000,2869,743,2126,2869,2869,2869,743,10589,9120,11978,11978,2021-12-16T08:00:00.0,2021-12-17T08:00:00.0,2021-12-16T00:00:00.0,2021-12-17T00:00:00.0,2760,4180,5,42,150,10,true,true,false,false,false,false,false,0,96200873,2021-12-16,TOTAL,35,25,137,1439,8220,86340,AWAKE,40,32,130,1322,7800,79320,ASLEEP,7,8,56460002,45,176,50,53,1639728000000,93,737,565,1780,24720,19500,33900,11100,11880,1740,93,627,565,-6052,24420,13200,33900,10800,11880,1740,96200873,2021-12-16,44,58,1,HIGHEST,83,RESET,2021-12-16T15:13:00.0,LOWEST,30,MEASURED,2021-12-17T01:54:00.0,MOSTRECENT,69,MEASURED,2021-12-17T08:00:00.0,46,174,39,110,117,7832,6300,7020,ENDOFDAY,49,MEASURED,2021-12-17T06:04:00.0,7,,300,,420,300,,,
96200873,2021-12-17,d386ee65ee3b4757a7493854a754b971,86400000,2841,715,2126,2841,2841,2841,715,11214,9420,11717,11717,2021-12-17T08:00:00.0,2021-12-18T08:00:00.0,2021-12-17T00:00:00.0,2021-12-18T00:00:00.0,2460,6675,3,37,150,10,true,true,false,false,false,false,false,0,96200873,2021-12-17,TOTAL,35,24,119,1435,7140,86100,AWAKE,51,47,95,917,5700,55020,ASLEEP,13,12,71100002,44,185,49,50,1639814400000,93,1171,145,6664,35880,34380,8700,12180,19500,4200,91,678,144,-20286,34320,6360,8640,11820,19320,3180,96200873,2021-12-17,62,84,1,HIGHEST,100,MEASURED,2021-12-17T14:04:00.0,LOWEST,26,MEASURED,2021-12-18T04:36:00.0,MOSTRECENT,47,MEASURED,2021-12-18T08:00:00.0,45,181,93,493,518,26950,28020,31080,ENDOFDAY,31,MEASURED,2021-12-18T06:04:00.0,24,1,1560,60,1440,360,180,1020,
96200873,2021-12-18,c23f638d11e94d03a26404d86133936c,86400000,2840,714,2126,2840,2840,2840,714,9376,9780,10984,10984,2021-12-18T08:00:00.0,2021-12-19T08:00:00.0,2021-12-18T00:00:00.0,2021-12-19T00:00:00.0,3000,2430,2,45,150,10,true,true,false,false,false,false,false,0,96200873,2021-12-18,TOTAL,16,13,606,1438,36360,86280,AWAKE,37,28,571,811,34260,48660,ASLEEP,10,10,35280002,40,188,50,49,1639900800000,92,749,83,36131,9240,35700,4980,5580,2940,720,92,159,81,-564,6240,3300,4860,3180,2340,720,96200873,2021-12-18,96,40,1,HIGHEST,98,MEASURED,2021-12-18T14:55:00.0,LOWEST,28,MEASURED,2021-12-19T03:18:00.0,MOSTRECENT,66,MEASURED,2021-12-19T08:00:00.0,42,179,61,590,627,36695,32400,37620,ENDOFDAY,36,MEASURED,2021-12-19T05:30:00.0,35,2,3000,120,2100,2400,600,,
96200873,2021-12-19,bcabe80a367341eaa4301fdb6b405841,86400000,2282,156,2126,2282,2282,2282,156,5628,9740,4616,4616,2021-12-19T08:00:00.0,2021-12-20T08:00:00.0,2021-12-19T00:00:00.0,2021-12-20T00:00:00.0,540,6564,0,0,150,10,true,false,false,false,false,false,false,0,96200873,2021-12-19,TOTAL,21,17,117,1432,7020,85920,AWAKE,27,20,97,932,5820,55920,ASLEEP,11,11,46020002,42,107,49,48,1639987200000,89,1207,108,42738,18780,53640,6480,9420,8160,1200,89,730,105,14548,17640,26160,6300,8760,7680,1200,96200873,2021-12-19,85,60,1,HIGHEST,100,MEASURED,2021-12-19T14:25:00.0,LOWEST,62,MEASURED,2021-12-20T02:59:00.0,MOSTRECENT,91,MEASURED,2021-12-20T08:00:00.0,43,105,68,477,500,28190,27480,30000,ENDOFDAY,91,MEASURED,2021-12-20T08:00:00.0,20,3,1140,180,1200,660,480,,
96200873,2021-12-20,a6bfad0de5854d138765b266048ee7f0,86400000,2844,718,2126,2844,2844,2844,718,9602,8920,11541,11541,2021-12-20T08:00:00.0,2021-12-21T08:00:00.0,2021-12-20T00:00:00.0,2021-12-21T00:00:00.0,3222,3319,3,49,150,10,true,true,false,false,false,false,false,0,96200873,2021-12-20,TOTAL,19,16,136,1434,8160,86040,AWAKE,30,23,126,826,7560,49560,ASLEEP,8,8,36300002,40,189,49,46,1640073600000,88,1200,98,46936,16140,55860,5880,7560,7560,1020,88,605,95,6399,15300,21000,5700,7080,7200,1020,96200873,2021-12-20,55,58,1,HIGHEST,100,MEASURED,2021-12-20T09:33:00.0,LOWEST,60,MEASURED,2021-12-20T19:25:00.0,MOSTRECENT,88,MEASURED,2021-12-21T08:00:00.0,40,181,68,595,608,40537,34860,36480,ENDOFDAY,73,MEASURED,2021-12-21T05:42:00.0,10,3,840,180,600,480,360,,
96200873,2021-12-21,228657fd5bb7478585ead2203161c01e,86400000,2726,600,2126,2726,2726,2726,600,8448,8990,10495,10495,2021-12-21T08:00:00.0,2021-12-22T08:00:00.0,2021-12-21T00:00:00.0,2021-12-22T00:00:00.0,3195,1240,5,44,150,10,true,true,false,false,false,false,false,0,96200873,2021-12-21,TOTAL,16,14,72,1437,4320,86220,AWAKE,32,24,48,837,2880,50220,ASLEEP,10,10,35940002,41,174,49,46,1640160000000,93,800,565,36951,6240,41760,33900,2460,3300,480,93,227,562,1580,5940,7680,33720,2280,3180,480,96200873,2021-12-21,42,34,1,HIGHEST,100,MEASURED,2021-12-21T10:35:00.0,LOWEST,29,RESET,2021-12-22T02:59:00.0,MOSTRECENT,58,MEASURED,2021-12-22T08:00:00.0,41,174,66,573,600,35371,34080,36000,ENDOFDAY,43,MEASURED,2021-12-22T05:48:00.0,24,3,300,180,1440,180,120,,
96200873,2021-12-22,0a9c02beaaa745c0afb97cdbbc93be9a,86400000,3078,952,2126,3078,3078,3078,952,15252,8940,15926,15926,2021-12-22T08:00:00.0,2021-12-23T08:00:00.0,2021-12-22T00:00:00.0,2021-12-23T00:00:00.0,4080,7913,10,52,150,10,true,true,false,false,false,false,false,0,96200873,2021-12-22,TOTAL,24,18,133,1439,7980,86340,AWAKE,37,28,121,955,7260,57300,ASLEEP,7,7,51840002,39,176,48,42,1640246400000,91,1129,177,31185,25440,42300,10620,14400,8940,2100,91,659,175,-3012,25140,14400,10500,14280,8760,2100,96200873,2021-12-22,75,69,1,HIGHEST,100,MEASURED,2021-12-22T12:54:00.0,LOWEST,43,MEASURED,2021-12-23T03:32:00.0,MOSTRECENT,64,MEASURED,2021-12-23T08:00:00.0,39,176,64,470,484,34197,27900,29040,ENDOFDAY,64,MEASURED,2021-12-23T08:00:00.0,12,2,300,120,720,120,180,,
96200873,2021-12-23,cc7531a6b0af4150aff0ef94e14b66ba,86400000,2932,806,2126,2932,2932,2932,806,12693,9580,13903,13903,2021-12-23T08:00:00.0,2021-12-24T08:00:00.0,2021-12-23T00:00:00.0,2021-12-24T00:00:00.0,3375,5790,7,49,150,10,true,true,false,false,false,false,false,0,96200873,2021-12-23,TOTAL,24,19,172,1438,10320,86280,AWAKE,34,25,160,962,9600,57720,ASLEEP,10,10,50520002,41,169,47,47,1640332800000,91,1121,145,29384,21780,45480,8700,10980,7740,3060,91,659,143,1375,19860,19680,8580,9360,7440,3060,96200873,2021-12-23,76,71,1,HIGHEST,100,MEASURED,2021-12-23T14:01:00.0,LOWEST,49,MEASURED,2021-12-24T05:01:00.0,MOSTRECENT,69,MEASURED,2021-12-24T08:00:00.0,42,167,68,462,476,28009,25800,28560,ENDOFDAY,69,MEASURED,2021-12-24T08:00:00.0,12,2,1920,120,720,1620,300,,
96200873,2021-12-24,9c2805e46dc6486a8f0a8797d5f3be2b,86400000,2810,684,2126,2810,2810,2810,684,8500,10210,10215,10215,2021-12-24T08:00:00.0,2021-12-25T08:00:00.0,2021-12-24T00:00:00.0,2021-12-25T00:00:00.0,3129,890,4,52,150,10,true,true,false,false,false,false,false,0,96200873,2021-12-24,TOTAL,14,12,874,1440,52440,86400,AWAKE,56,55,843,976,50580,58560,ASLEEP,8,8,36180002,40,181,46,46,1640419200000,87,501,65,27431,4740,25320,3900,2040,2280,420,87,70,63,-2870,4080,120,3780,1560,2100,420,96200873,2021-12-24,31,32,1,HIGHEST,100,MEASURED,2021-12-24T12:03:00.0,LOWEST,68,MEASURED,2021-12-24T18:02:00.0,MOSTRECENT,68,MEASURED,2021-12-24T18:31:00.0,41,180,61,431,464,30301,25200,27840,,,,,31,2,660,120,1860,480,180,,
96200873,2021-12-25,c701784a4ffa46cfa845fb8775fb0742,86400000,2126,0,2126,2126,2126,2126,0,0,10040,0,0,2021-12-25T08:00:00.0,2021-12-26T08:00:00.0,2021-12-25T00:00:00.0,2021-12-26T00:00:00.0,0,0,0,0,150,10,true,false,false,false,false,false,false,0,96200873,2021-12-25,TOTAL,-1,-1,1440,1440,86400,86400,AWAKE,-1,-1,1440,1440,86400,86400,ASLEEP,-2,-2,2640002,,,,,,,,,,,,,,,,,,,,,,,,,,,,,,,,,,,,,,,,,,,,,,,,,,,,,,,,,,,,,,,
96200873,2021-12-26,df917116a7d540eab203f9d24d46ceae,86400000,2126,0,2126,2126,2126,2126,0,0,10040,0,0,2021-12-26T08:00:00.0,2021-12-27T08:00:00.0,2021-12-26T00:00:00.0,2021-12-27T00:00:00.0,0,0,0,0,150,10,true,false,false,false,false,false,false,0,96200873,2021-12-26,TOTAL,-1,-1,1440,1440,86400,86400,AWAKE,-1,-1,1440,1440,86400,86400,ASLEEP,-2,-2,1,,,,,,,,,,,,,,,,,,,,,,,,,,,,,,,,,,,,,,,,,,,,,,,,,,,,,,,,,,,,,,,
96200873,2021-12-27,a40f41a85a394e99924aa6130a7fb5aa,86400000,2639,513,2126,2639,2639,2639,513,6884,10040,7753,7753,2021-12-27T08:00:00.0,2021-12-28T08:00:00.0,2021-12-27T00:00:00.0,2021-12-28T00:00:00.0,2250,2000,2,34,150,10,true,true,false,false,false,false,false,0,96200873,2021-12-27,TOTAL,52,49,672,1439,40320,86340,AWAKE,52,49,672,1439,40320,86340,ASLEEP,-2,-2,35040002,49,172,47,53,1640678400000,97,684,83,-22353,36060,4980,4980,13620,17700,4740,97,684,83,-22353,36060,4980,4980,13620,17700,4740,96200873,2021-12-27,8,53,1,HIGHEST,72,RESET,2021-12-27T17:01:00.0,LOWEST,24,MEASURED,2021-12-28T05:02:00.0,MOSTRECENT,27,MEASURED,2021-12-28T08:00:00.0,52,170,,,,,,,ENDOFDAY,27,MEASURED,2021-12-28T08:00:00.0,,,,,,,,,
96200873,2021-12-28,b2a1294d61d242a8be7d8010b5df5294,86400000,2727,601,2126,2727,2727,2727,601,7617,9410,8561,8561,2021-12-28T08:00:00.0,2021-12-29T08:00:00.0,2021-12-28T00:00:00.0,2021-12-29T00:00:00.0,2901,715,4,45,150,10,true,true,false,false,false,false,false,0,96200873,2021-12-28,TOTAL,17,13,783,1439,46980,86340,AWAKE,36,23,739,969,44340,58140,ASLEEP,10,10,35640002,39,179,47,47,1640764800000,89,587,69,28144,5760,29460,4140,1620,2520,1620,89,163,67,1522,4860,4920,4020,900,2340,1620,96200873,2021-12-28,85,40,1,HIGHEST,95,MEASURED,2021-12-28T15:49:00.0,LOWEST,27,MEASURED,2021-12-28T08:01:00.0,MOSTRECENT,72,MEASURED,2021-12-28T20:35:00.0,40,176,63,424,470,26622,24540,28200,,,,,44,2,900,120,2640,720,180,,
96200873,2021-12-29,211fbd82c56a44948fdaaa27486cab26,86400000,2675,549,2126,2675,2675,2675,549,8202,9070,9416,9416,2021-12-29T08:00:00.0,2021-12-30T08:00:00.0,2021-12-29T00:00:00.0,2021-12-30T00:00:00.0,2760,2125,6,43,150,10,true,true,false,false,false,false,false,0,96200873,2021-12-29,TOTAL,34,25,577,1439,34620,86340,AWAKE,34,25,577,1439,34620,86340,ASLEEP,-2,-2,31380002,48,174,50,57,1640851200000,91,764,98,-881,27060,18780,5880,16260,10080,720,91,764,98,-881,27060,18780,5880,16260,10080,720,96200873,2021-12-29,29,44,1,HIGHEST,79,RESET,2021-12-29T16:00:00.0,LOWEST,41,MEASURED,2021-12-30T01:40:00.0,MOSTRECENT,64,MEASURED,2021-12-30T08:00:00.0,49,172,,,,,,,ENDOFDAY,64,MEASURED,2021-12-30T08:00:00.0,,,,,,,,,
96200873,2021-12-30,de8e3f8be88b46df8e716d2fde106c5c,86400000,2723,597,2126,2723,2723,2723,597,7240,8900,8543,8543,2021-12-30T08:00:00.0,2021-12-31T08:00:00.0,2021-12-30T00:00:00.0,2021-12-31T00:00:00.0,3060,960,7,44,150,10,true,true,false,false,false,false,false,0,96200873,2021-12-30,TOTAL,17,14,13,1438,780,86280,AWAKE,50,46,7,1047,420,62820,ASLEEP,10,10,31860002,41,177,50,48,1640937600000,87,463,962,20724,4680,23100,57720,2280,1680,720,87,79,961,-2325,3960,780,57660,1680,1560,720,96200873,2021-12-30,37,30,1,HIGHEST,100,MEASURED,2021-12-30T13:37:00.0,LOWEST,64,MEASURED,2021-12-30T08:01:00.0,MOSTRECENT,71,MEASURED,2021-12-30T17:02:00.0,42,174,61,384,391,23049,22320,23460,,,,,6,1,720,60,360,600,120,,
96200873,2021-12-31,cd783d1769f145389417bd4a8aed00be,86400000,2645,519,2126,2645,2645,2645,519,7113,8570,8158,8158,2021-12-31T08:00:00.0,2022-01-01T08:00:00.0,2021-12-31T00:00:00.0,2022-01-01T00:00:00.0,2700,120,2,45,150,10,true,true,false,false,false,false,false,0,96200873,2021-12-31,TOTAL,22,19,905,1439,54300,86340,AWAKE,22,19,905,1439,54300,86340,ASLEEP,-2,-2,31980002,61,174,,,,48,4,530,105,60,180,31800,60,,,48,4,530,105,60,180,31800,60,,,96200873,2021-12-31,0,14,1,HIGHEST,78,RESET,2021-12-31T16:01:00.0,LOWEST,64,MEASURED,2021-12-31T16:53:00.0,MOSTRECENT,64,MEASURED,2021-12-31T16:59:00.0,65,171,,,,,,,,,,,,,,,,,,,
96200873,2022-01-01,0caa369a08364feea94ca24c0dbefd8a,86400000,2749,623,2126,2749,2749,2749,623,7965,8280,9822,9822,2022-01-01T08:00:00.0,2022-01-02T08:00:00.0,2022-01-01T00:00:00.0,2022-01-02T00:00:00.0,2983,60,1,48,150,10,true,true,false,false,false,false,false,0,96200873,2022-01-01,TOTAL,61,61,519,1439,31140,86340,AWAKE,61,61,519,1439,31140,86340,ASLEEP,-2,-2,34260002,72,180,,,,61,1,919,-48,60,,55140,,60,,61,1,919,-48,60,,55140,,60,,96200873,2022-01-01,0,15,1,HIGHEST,75,RESET,2022-01-01T16:39:00.0,LOWEST,60,MEASURED,2022-01-01T17:30:00.0,MOSTRECENT,60,MEASURED,2022-01-01T17:36:00.0,72,178,,,,,,,,,,,,,,,,,,,
96200873,2022-01-02,fdaad3bbd9184be6b6bf14b873b1f06e,86400000,2126,0,2126,2126,2126,2126,0,0,8220,0,0,2022-01-02T08:00:00.0,2022-01-03T08:00:00.0,2022-01-02T00:00:00.0,2022-01-03T00:00:00.0,0,0,0,0,150,10,true,false,false,false,false,false,false,0,96200873,2022-01-02,TOTAL,-1,-1,905,1440,54300,86400,AWAKE,-1,-1,905,1440,54300,86400,ASLEEP,-2,-2,5520002,,,,,,,,535,,,,32100,,,,,,535,,,,32100,,,,,,,,,,,,,,,,,,,,,,,,,,,,,,,,,,,,,,,,,
96200873,2022-01-03,02f2ac862d014ad18674e35b8461976c,86400000,3010,884,2126,3010,3010,3010,884,12759,8220,13842,13842,2022-01-03T08:00:00.0,2022-01-04T08:00:00.0,2022-01-03T00:00:00.0,2022-01-04T00:00:00.0,3464,5970,3,47,150,10,true,true,false,false,false,false,false,0,96200873,2022-01-03,TOTAL,34,25,495,1439,29700,86340,AWAKE,40,33,486,1240,29160,74400,ASLEEP,16,16,56580003,47,177,52,54,1641283200000,93,786,158,913,24540,22620,9480,10920,11700,1920,93,596,158,-6449,23940,11820,9480,10560,11460,1920,96200873,2022-01-03,37,62,1,HIGHEST,83,RESET,2022-01-03T14:38:00.0,LOWEST,33,MEASURED,2022-01-04T03:35:00.0,MOSTRECENT,58,MEASURED,2022-01-04T08:00:00.0,48,177,66,190,199,7362,10800,11940,ENDOFDAY,36,MEASURED,2022-01-04T04:42:00.0,9,,600,,540,360,240,,
96200873,2022-01-04,446e930637ed4434bae2907e94de28e1,86400000,2822,702,2120,2822,2822,2822,702,10071,8680,12419,12419,2022-01-04T08:00:00.0,2022-01-05T08:00:00.0,2022-01-04T00:00:00.0,2022-01-05T00:00:00.0,4185,1485,0,52,150,10,true,true,false,false,false,false,false,0,96200873,2022-01-04,TOTAL,31,21,686,1437,41160,86220,AWAKE,53,49,683,1099,40980,65940,ASLEEP,9,9,47280002,42,176,52,47,1641369600000,91,660,91,10647,16260,23340,5460,4320,9480,2460,91,329,87,-10544,16080,3660,5220,4320,9300,2460,96200873,2022-01-04,46,62,1,HIGHEST,100,MEASURED,2022-01-04T13:30:00.0,LOWEST,42,MEASURED,2022-01-04T21:06:00.0,MOSTRECENT,42,MEASURED,2022-01-04T21:13:00.0,43,173,71,331,338,21191,19680,20280,,,,,3,4,180,240,180,,180,,
96200873,2022-01-05,17ffa267ad9a495aacf2b1b422610eaa,86400000,2844,724,2120,2844,2844,2844,724,11262,8960,12633,12633,2022-01-05T08:00:00.0,2022-01-06T08:00:00.0,2022-01-05T00:00:00.0,2022-01-06T00:00:00.0,3300,2865,6,47,150,10,true,true,false,false,false,false,false,0,96200873,2022-01-05,TOTAL,26,20,1068,1439,64080,86340,AWAKE,26,20,1068,1439,64080,86340,ASLEEP,-2,-2,57420002,44,190,52,57,1641456000000,90,264,107,5815,5700,10140,6420,2760,2400,540,90,264,107,5815,5700,10140,6420,2760,2400,540,96200873,2022-01-05,20,36,1,HIGHEST,77,MEASURED,2022-01-05T21:45:00.0,LOWEST,54,MEASURED,2022-01-05T23:58:00.0,MOSTRECENT,54,MEASURED,2022-01-06T00:26:00.0,47,180,,,,,,,,,,,,,,,,,,,
96200873,2022-01-06,846499eb47814447a59475e5a4d02a3b,86400000,2773,653,2120,2773,2773,2773,653,10256,9420,11457,11457,2022-01-06T08:00:00.0,2022-01-07T08:00:00.0,2022-01-06T00:00:00.0,2022-01-07T00:00:00.0,3311,3524,6,40,150,10,true,true,false,false,false,false,false,0,96200873,2022-01-06,TOTAL,31,24,921,1436,55260,86160,AWAKE,31,24,921,1436,55260,86160,ASLEEP,-2,-2,56160002,46,191,55,61,1641542400000,88,412,103,2641,12720,12000,6180,8160,3960,600,88,412,103,2641,12720,12000,6180,8160,3960,600,96200873,2022-01-06,13,42,1,HIGHEST,79,RESET,2022-01-06T14:02:00.0,LOWEST,50,MEASURED,2022-01-06T23:35:00.0,MOSTRECENT,50,MEASURED,2022-01-06T23:56:00.0,53,189,,,,,,,,,,,,,,,,,,,
96200873,2022-01-07,ab09a537bbd043e6b49b1ccb2b7f8494,86400000,2692,572,2120,2692,2692,2692,572,9669,9590,10528,10528,2022-01-07T08:00:00.0,2022-01-08T08:00:00.0,2022-01-07T00:00:00.0,2022-01-08T00:00:00.0,3079,4850,4,32,150,10,true,true,false,false,false,false,false,0,96200873,2022-01-07,TOTAL,23,19,509,1439,30540,86340,AWAKE,27,21,497,1232,29820,73920,ASLEEP,12,12,71700002,42,189,55,54,1641628800000,87,814,116,21467,15960,32880,6960,9840,5820,300,87,619,116,10923,15540,21600,6960,9420,5820,300,96200873,2022-01-07,54,45,1,HIGHEST,88,MEASURED,2022-01-08T07:59:00.0,LOWEST,55,MEASURED,2022-01-08T01:39:00.0,MOSTRECENT,88,MEASURED,2022-01-08T08:00:00.0,46,182,42,195,207,10544,11280,12420,ENDOFDAY,68,MEASURED,2022-01-08T04:34:00.0,12,,420,,720,420,,,
96200873,2022-01-08,a319c739d651472cbd20be2230373a1b,86400000,2694,574,2120,2694,2694,2694,574,6923,9610,8771,8771,2022-01-08T08:00:00.0,2022-01-09T08:00:00.0,2022-01-08T00:00:00.0,2022-01-09T00:00:00.0,2454,1101,5,42,150,10,true,true,false,false,false,false,false,0,96200873,2022-01-08,TOTAL,15,12,837,1438,50220,86280,AWAKE,68,67,823,938,49380,56280,ASLEEP,9,9,36660002,40,190,53,45,1641715200000,92,543,58,28014,4080,28500,3480,540,2700,840,92,59,56,-3358,3540,,3360,180,2520,840,96200873,2022-01-08,13,31,1,HIGHEST,100,MEASURED,2022-01-08T10:19:00.0,LOWEST,70,MEASURED,2022-01-08T18:10:00.0,MOSTRECENT,70,MEASURED,2022-01-08T18:39:00.0,41,184,62,484,500,31372,28500,30000,,,,,14,2,540,120,840,360,180,,
96200873,2022-01-09,523f2a63ded64c0aad0dfef28b6b646a,86400000,2120,0,2120,2120,2120,2120,0,0,9350,0,0,2022-01-09T08:00:00.0,2022-01-10T08:00:00.0,2022-01-09T00:00:00.0,2022-01-10T00:00:00.0,0,0,0,0,150,10,true,false,false,false,false,false,false,0,96200873,2022-01-09,TOTAL,-1,-1,1440,1440,86400,86400,AWAKE,-1,-1,1440,1440,86400,86400,ASLEEP,-2,-2,7920002,,,,,,,,,,,,,,,,,,,,,,,,,,,,,,,,,,,,,,,,,,,,,,,,,,,,,,,,,,,,,,,
96200873,2022-01-10,6cdf36eb656a4580a0d25b8ea381a44c,86400000,2903,783,2120,2903,2903,2903,783,11587,9350,13295,13295,2022-01-10T08:00:00.0,2022-01-11T08:00:00.0,2022-01-10T00:00:00.0,2022-01-11T00:00:00.0,3165,4095,9,45,150,10,true,true,false,false,false,false,false,0,96200873,2022-01-10,TOTAL,18,15,945,1439,56700,86340,AWAKE,18,15,945,1439,56700,86340,ASLEEP,-2,-2,56400002,38,186,53,53,1641888000000,84,376,118,14875,4320,18240,7080,2640,1500,180,84,376,118,14875,4320,18240,7080,2640,1500,180,96200873,2022-01-10,25,36,1,HIGHEST,93,MEASURED,2022-01-10T21:25:00.0,LOWEST,74,MEASURED,2022-01-10T23:41:00.0,MOSTRECENT,74,MEASURED,2022-01-11T00:05:00.0,41,184,,,,,,,,,,,,,,,,,,,
96200873,2022-01-11,03ab91464c1145d7b5ac042db80bc754,86400000,2829,709,2120,2829,2829,2829,709,12050,9580,13623,13623,2022-01-11T08:00:00.0,2022-01-12T08:00:00.0,2022-01-11T00:00:00.0,2022-01-12T00:00:00.0,3495,4485,2,50,150,10,true,true,false,false,false,false,false,0,96200873,2022-01-11,TOTAL,23,19,504,1438,30240,86280,AWAKE,27,21,499,1270,29940,76200,ASLEEP,11,11,56640002,42,171,53,50,1641974400000,92,791,143,20553,14220,33240,8580,8460,4800,960,92,628,143,11297,14220,23460,8580,8460,4800,960,96200873,2022-01-11,56,49,1,HIGHEST,86,MODELED,2022-01-12T08:00:00.0,LOWEST,56,MEASURED,2022-01-12T02:43:00.0,MOSTRECENT,86,MODELED,2022-01-12T08:00:00.0,43,170,24,163,168,9256,9780,10080,ENDOFDAY,65,MEASURED,2022-01-12T05:13:00.0,5,,,,300,,,,
96200873,2022-01-12,807bb156eb4b4ac188872b1c00353958,86400000,2897,777,2120,2897,2897,2897,777,11815,10080,13625,13625,2022-01-12T08:00:00.0,2022-01-13T08:00:00.0,2022-01-12T00:00:00.0,2022-01-13T00:00:00.0,3540,4230,5,52,150,10,true,true,false,false,false,false,false,0,96200873,2022-01-12,TOTAL,28,21,564,1438,33840,86280,AWAKE,43,39,557,1104,33420,66240,ASLEEP,8,9,56640002,38,190,52,46,1642060800000,88,740,134,14198,19860,24540,8040,10560,7980,1320,88,415,132,-7737,19740,5160,7920,10500,7920,1320,96200873,2022-01-12,18,61,1,HIGHEST,100,MEASURED,2022-01-12T10:18:00.0,LOWEST,43,MEASURED,2022-01-12T23:42:00.0,MOSTRECENT,43,MEASURED,2022-01-13T00:14:00.0,40,187,68,325,334,21935,19380,20040,,,,,7,2,120,120,420,60,60,,
96200873,2022-01-13,4aa03dc4fdd44db79414e441c4110844,86400000,2869,749,2120,2869,2869,2869,749,11902,10430,13447,13447,2022-01-13T08:00:00.0,2022-01-14T08:00:00.0,2022-01-13T00:00:00.0,2022-01-14T00:00:00.0,3195,4670,4,46,150,10,true,true,false,false,false,false,false,0,96200873,2022-01-13,TOTAL,20,17,563,1437,33780,86220,AWAKE,22,18,556,1237,33360,74220,ASLEEP,15,14,56700002,41,178,50,51,1642147200000,84,737,137,26081,11340,32880,8220,6480,4560,300,84,544,137,17024,10140,22500,8220,6060,3780,300,96200873,2022-01-13,58,54,1,HIGHEST,94,MEASURED,2022-01-13T19:51:00.0,LOWEST,64,MEASURED,2022-01-14T01:24:00.0,MOSTRECENT,85,MEASURED,2022-01-14T08:00:00.0,43,174,73,193,200,9057,10380,12000,ENDOFDAY,69,MEASURED,2022-01-14T04:41:00.0,7,,1200,,420,420,780,,
96200873,2022-01-14,2c99836e1c4f45caa1c23f3d3de729a3,86400000,2857,737,2120,2857,2857,2857,737,11808,10730,13332,13332,2022-01-14T08:00:00.0,2022-01-15T08:00:00.0,2022-01-14T00:00:00.0,2022-01-15T00:00:00.0,3000,4925,6,45,150,10,true,true,false,false,false,false,false,0,96200873,2022-01-14,TOTAL,26,19,136,1436,8160,86160,AWAKE,41,34,134,1105,8040,66300,ASLEEP,6,6,70800002,40,189,49,46,1642233600000,91,746,554,20061,17400,27360,33240,8100,7920,1380,91,419,552,-4964,17280,7860,33120,7980,7920,1380,96200873,2022-01-14,31,67,1,HIGHEST,100,MEASURED,2022-01-14T10:14:00.0,LOWEST,49,MEASURED,2022-01-14T23:40:00.0,MOSTRECENT,49,MEASURED,2022-01-15T00:07:00.0,41,183,43,327,331,25025,19500,19860,,,,,2,2,120,120,120,120,,,
96200873,2022-01-15,f2ae7e512584461e984f7604d61cfc14,86400000,2927,807,2120,2927,2927,2927,807,12531,10950,14025,14025,2022-01-15T08:00:00.0,2022-01-16T08:00:00.0,2022-01-15T00:00:00.0,2022-01-16T00:00:00.0,3285,4955,8,47,150,10,true,true,false,false,false,false,false,0,96200873,2022-01-15,TOTAL,26,20,71,1437,4260,86220,AWAKE,29,22,68,1286,4080,77160,ASLEEP,12,13,52560002,40,188,49,49,1642320000000,87,725,641,16024,14520,28980,38460,6360,7140,1020,87,578,640,8478,14400,20280,38400,6360,7020,1020,96200873,2022-01-15,58,47,1,HIGHEST,88,MEASURED,2022-01-16T07:47:00.0,LOWEST,44,MEASURED,2022-01-15T22:50:00.0,MOSTRECENT,87,MEASURED,2022-01-16T08:00:00.0,43,187,63,147,151,7546,8700,9060,ENDOFDAY,74,MEASURED,2022-01-16T05:30:00.0,3,1,120,60,180,,120,,
96200873,2022-01-16,9798b069c2ff46fb981f7e9fd0430a44,86400000,2716,596,2120,2716,2716,2716,596,19142,11270,15689,15689,2022-01-16T08:00:00.0,2022-01-17T08:00:00.0,2022-01-16T00:00:00.0,2022-01-17T00:00:00.0,2145,13530,0,0,150,10,true,false,false,false,false,false,false,0,96200873,2022-01-16,TOTAL,25,18,83,1439,4980,86340,AWAKE,48,42,80,992,4800,59520,ASLEEP,7,8,70140002,37,141,49,45,1642406400000,95,775,581,23844,15240,31260,34860,5460,7500,2280,95,331,581,-7674,14940,4920,34860,5160,7500,2280,96200873,2022-01-16,17,65,1,HIGHEST,100,MEASURED,2022-01-16T10:42:00.0,LOWEST,39,MEASURED,2022-01-17T02:26:00.0,MOSTRECENT,39,MEASURED,2022-01-17T02:35:00.0,38,130,49,444,447,31518,26340,26820,,,,,3,,300,,180,300,,,
96200873,2022-01-17,72d9b2b035394072abdbb71b02a13c51,86400000,2966,846,2120,2966,2966,2966,846,12880,12850,14660,14660,2022-01-17T08:00:00.0,2022-01-18T08:00:00.0,2022-01-17T00:00:00.0,2022-01-18T00:00:00.0,3665,3675,1,56,150,10,true,true,false,false,false,false,false,0,96200873,2022-01-17,TOTAL,22,18,321,1436,19260,86160,AWAKE,22,18,321,1436,19260,86160,ASLEEP,-2,-2,52200002,41,177,48,51,1642492800000,84,453,662,14143,7680,19500,39720,4020,3240,420,84,453,662,14143,7680,19500,39720,4020,3240,420,96200873,2022-01-17,43,42,1,HIGHEST,76,MEASURED,2022-01-18T02:25:00.0,LOWEST,50,MEASURED,2022-01-17T19:07:00.0,MOSTRECENT,75,MEASURED,2022-01-18T04:25:00.0,44,176,,,,,,,,,,,,,,,,,,,
96200873,2022-01-18,2874c46d5c33432eaea9c33d33c9fc9d,86400000,2939,819,2120,2939,2939,2939,819,11569,12860,13439,13439,2022-01-18T08:00:00.0,2022-01-19T08:00:00.0,2022-01-18T00:00:00.0,2022-01-19T00:00:00.0,3045,4805,9,47,150,10,true,true,false,false,false,false,false,0,96200873,2022-01-18,TOTAL,31,22,712,1439,42720,86340,AWAKE,31,22,712,1439,42720,86340,ASLEEP,-2,-2,58020002,41,189,49,52,1642579200000,92,593,134,8649,15840,19740,8040,5880,7320,2640,92,593,134,8649,15840,19740,8040,5880,7320,2640,96200873,2022-01-18,31,65,1,HIGHEST,100,MEASURED,2022-01-18T21:17:00.0,LOWEST,48,MEASURED,2022-01-19T03:32:00.0,MOSTRECENT,50,MEASURED,2022-01-19T04:29:00.0,44,187,,,,,,,,,,,,,,,,,,,
96200873,2022-01-19,428b3ba1e33c413aa5005e0c2527163f,86400000,3134,1014,2120,3134,3134,3134,1014,16047,12730,17407,17407,2022-01-19T08:00:00.0,2022-01-20T08:00:00.0,2022-01-19T00:00:00.0,2022-01-20T00:00:00.0,4883,6532,11,55,150,10,true,true,false,false,false,false,false,0,96200873,2022-01-19,TOTAL,34,24,489,1439,29340,86340,AWAKE,34,24,489,1439,29340,86340,ASLEEP,-2,-2,71520002,39,188,49,50,1642665600000,95,626,324,2870,20760,16800,19440,10620,7980,2160,95,626,324,2870,20760,16800,19440,10620,7980,2160,96200873,2022-01-19,27,60,1,HIGHEST,81,MEASURED,2022-01-19T19:44:00.0,LOWEST,42,MEASURED,2022-01-20T03:03:00.0,MOSTRECENT,47,MEASURED,2022-01-20T05:27:00.0,41,187,,,,,,,,,,,,,,,,,,,
96200873,2022-01-20,11f4cbf847d5494ba568f2f49b74f453,86400000,2915,795,2120,2915,2915,2915,795,10654,13070,12566,12566,2022-01-20T08:00:00.0,2022-01-21T08:00:00.0,2022-01-20T00:00:00.0,2022-01-21T00:00:00.0,2702,3128,7,48,150,10,true,true,false,false,false,false,false,0,96200873,2022-01-20,TOTAL,27,21,544,1438,32640,86280,AWAKE,27,21,544,1438,32640,86280,ASLEEP,-2,-2,57840002,45,184,50,54,1642752000000,90,346,548,5829,8520,12240,32880,5460,2700,360,90,346,548,5829,8520,12240,32880,5460,2700,360,96200873,2022-01-20,14,39,1,HIGHEST,85,MEASURED,2022-01-20T19:20:00.0,LOWEST,57,MEASURED,2022-01-20T23:47:00.0,MOSTRECENT,57,MEASURED,2022-01-21T00:08:00.0,48,181,,,,,,,,,,,,,,,,,,,
96200873,2022-01-21,ae98f5bc2239415fae690b375bf96c95,86400000,2982,862,2120,2982,2982,2982,862,12249,12830,14342,14342,2022-01-21T08:00:00.0,2022-01-22T08:00:00.0,2022-01-21T00:00:00.0,2022-01-22T00:00:00.0,3554,3181,6,55,150,10,true,true,false,false,false,false,false,0,96200873,2022-01-21,TOTAL,26,20,492,1438,29520,86280,AWAKE,26,20,492,1438,29520,86280,ASLEEP,-2,-2,71520002,43,186,50,51,1642838400000,89,366,580,8028,8460,13500,34800,4440,3300,720,89,366,580,8028,8460,13500,34800,4440,3300,720,96200873,2022-01-21,22,44,1,HIGHEST,84,RESET,2022-01-21T14:55:00.0,LOWEST,62,MEASURED,2022-01-21T23:51:00.0,MOSTRECENT,62,MEASURED,2022-01-22T00:14:00.0,45,179,,,,,,,,,,,,,,,,,,,
96200873,2022-01-22,60baccd1e9bf49bcbd2d1923c5822b8d,86400000,2882,762,2120,2882,2882,2882,762,12926,12720,13962,13962,2022-01-22T08:00:00.0,2022-01-23T08:00:00.0,2022-01-22T00:00:00.0,2022-01-23T00:00:00.0,3440,5310,2,48,150,10,true,true,false,false,false,false,false,0,96200873,2022-01-22,TOTAL,20,17,126,1438,7560,86280,AWAKE,22,18,102,1295,6120,77700,ASLEEP,8,8,64920002,41,188,51,52,1642924800000,81,687,625,24227,10380,30840,37500,5940,4140,300,81,568,625,16148,10200,23880,37500,5880,4020,300,96200873,2022-01-22,54,37,1,HIGHEST,95,MEASURED,2022-01-23T07:56:00.0,LOWEST,53,MEASURED,2022-01-22T19:21:00.0,MOSTRECENT,95,MEASURED,2022-01-23T08:00:00.0,42,187,66,119,143,8079,6960,8580,ENDOFDAY,81,MEASURED,2022-01-23T05:38:00.0,24,,180,,1440,60,120,,
96200873,2022-01-23,2c7c76e7cb1e49658acf5d2b6266097d,86400000,2121,1,2120,2121,2121,2121,1,127,12740,104,104,2022-01-23T08:00:00.0,2022-01-24T08:00:00.0,2022-01-23T00:00:00.0,2022-01-24T00:00:00.0,60,300,0,0,150,10,true,false,false,false,false,false,false,0,96200873,2022-01-23,TOTAL,5,5,991,1440,59460,86400,AWAKE,7,7,983,1050,58980,63000,ASLEEP,5,5,23460002,38,67,50,42,1643011200000,45,447,2,35583,480,26340,120,480,,,45,65,2,4765,180,3720,120,180,,,96200873,2022-01-23,5,1,1,HIGHEST,100,MEASURED,2022-01-23T08:45:00.0,LOWEST,95,MEASURED,2022-01-23T08:01:00.0,MOSTRECENT,99,MEASURED,2022-01-23T15:40:00.0,38,65,35,382,390,30818,22620,23400,,,,,8,,300,,480,300,,,
96200873,2022-01-24,e32e1cea46ba436a94fd71a4bdc26766,86400000,2914,794,2120,2914,2914,2914,794,10904,12740,12744,12744,2022-01-24T08:00:00.0,2022-01-25T08:00:00.0,2022-01-24T00:00:00.0,2022-01-25T00:00:00.0,2557,4638,6,49,150,10,true,true,false,false,false,false,false,0,96200873,2022-01-24,TOTAL,27,20,512,1438,30720,86280,AWAKE,29,22,510,1290,30600,77400,ASLEEP,14,14,71220002,41,188,50,48,1643097600000,94,798,128,15912,17880,30000,7680,8640,8340,900,94,652,128,9338,17700,21420,7680,8520,8280,900,96200873,2022-01-24,53,65,1,HIGHEST,91,MEASURED,2022-01-24T22:30:00.0,LOWEST,50,MEASURED,2022-01-25T04:45:00.0,MOSTRECENT,71,MEASURED,2022-01-25T08:00:00.0,44,184,54,146,148,6574,8580,8880,ENDOFDAY,55,MEASURED,2022-01-25T05:33:00.0,2,,180,,120,120,60,,
96200873,2022-01-25,3bb19ed030944d1ebd058a9c8758a37a,86400000,3031,911,2120,3031,3031,3031,911,14084,12560,15992,15992,2022-01-25T08:00:00.0,2022-01-26T08:00:00.0,2022-01-25T00:00:00.0,2022-01-26T00:00:00.0,4200,4970,3,57,150,10,true,true,false,false,false,false,false,0,96200873,2022-01-25,TOTAL,25,19,117,1437,7020,86220,AWAKE,37,28,116,1096,6960,65760,ASLEEP,8,8,57420002,40,181,49,45,1643184000000,90,818,502,21363,18600,30480,30120,9540,8340,720,90,484,496,-1836,18360,10680,29760,9360,8280,720,96200873,2022-01-25,44,70,1,HIGHEST,100,MEASURED,2022-01-25T11:48:00.0,LOWEST,45,MEASURED,2022-01-26T02:21:00.0,MOSTRECENT,45,MEASURED,2022-01-26T02:29:00.0,41,179,51,334,341,23199,19800,20460,,,,,1,6,240,360,60,180,60,,75
96200873,2022-01-26,fcd1ab68f09340d6944f2bfcf5714b76,86400000,2960,840,2120,2960,2960,2960,840,11253,12720,12914,12914,2022-01-26T08:00:00.0,2022-01-27T08:00:00.0,2022-01-26T00:00:00.0,2022-01-27T00:00:00.0,3240,5505,4,53,150,10,true,true,false,false,false,false,false,0,96200873,2022-01-26,TOTAL,30,22,183,1437,10980,86220,AWAKE,30,22,183,1437,10980,86220,ASLEEP,-2,-2,58440002,43,188,49,50,1643270400000,90,786,468,10085,21660,25500,28080,11580,9000,1080,90,786,468,10085,21660,25500,28080,11580,9000,1080,96200873,2022-01-26,48,52,1,HIGHEST,77,RESET,2022-01-26T13:44:00.0,LOWEST,44,MEASURED,2022-01-27T02:32:00.0,MOSTRECENT,73,MEASURED,2022-01-27T08:00:00.0,45,185,,,,,,,ENDOFDAY,73,MEASURED,2022-01-27T08:00:00.0,,,,,,,,,59
96200873,2022-01-27,1aaeb54661e341018cd6db1781921286,86400000,3070,950,2120,3070,3070,3070,950,13799,12580,16216,16216,2022-01-27T08:00:00.0,2022-01-28T08:00:00.0,2022-01-27T00:00:00.0,2022-01-28T00:00:00.0,3660,4490,3,60,150,10,true,true,false,false,false,false,false,0,96200873,2022-01-27,TOTAL,31,22,517,1437,31020,86220,AWAKE,49,45,513,1072,30780,64320,ASLEEP,11,10,57540002,38,178,48,49,1643356800000,92,779,141,10849,23100,23640,8460,9060,13020,1020,92,419,140,-11410,21840,3300,8400,8580,12360,900,96200873,2022-01-27,38,73,1,HIGHEST,100,MEASURED,2022-01-27T12:46:00.0,LOWEST,38,MEASURED,2022-01-27T23:57:00.0,MOSTRECENT,38,MEASURED,2022-01-28T00:39:00.0,40,175,77,360,365,22259,20340,21900,,,,,4,1,1260,60,240,480,660,120,80
96200873,2022-01-28,302a0914c352428ba0b157c8d7fb7d3d,86400000,3051,931,2120,3051,3051,3051,931,12793,12710,15287,15287,2022-01-28T08:00:00.0,2022-01-29T08:00:00.0,2022-01-28T00:00:00.0,2022-01-29T00:00:00.0,4085,2610,3,60,150,10,true,true,false,false,false,false,false,0,96200873,2022-01-28,TOTAL,24,19,933,1438,55980,86280,AWAKE,24,19,933,1438,55980,86280,ASLEEP,-2,-2,57600002,39,191,48,53,1643443200000,88,385,120,9310,7980,15120,7200,5160,2220,600,88,385,120,9310,7980,15120,7200,5160,2220,600,96200873,2022-01-28,17,40,1,HIGHEST,84,RESET,2022-01-28T15:08:00.0,LOWEST,61,MEASURED,2022-01-29T00:00:00.0,MOSTRECENT,61,MEASURED,2022-01-29T00:23:00.0,45,191,,,,,,,,,,,,,,,,,,,80
96200873,2022-01-29,0029a308486c45bf96f397c64b697444,86400000,2807,687,2120,2807,2807,2807,687,9441,12730,11134,11134,2022-01-29T08:00:00.0,2022-01-30T08:00:00.0,2022-01-29T00:00:00.0,2022-01-30T00:00:00.0,3283,1117,2,54,150,10,true,true,false,false,false,false,false,0,96200873,2022-01-29,TOTAL,23,18,1302,1437,78120,86220,AWAKE,23,18,1302,1437,78120,86220,ASLEEP,-2,-2,47040002,50,176,48,52,1643529600000,78,63,72,1962,1260,2520,4320,780,420,60,78,63,72,1962,1260,2520,4320,780,420,60,96200873,2022-01-29,6,16,1,HIGHEST,66,MEASURED,2022-01-29T19:54:00.0,LOWEST,51,MEASURED,2022-01-29T21:59:00.0,MOSTRECENT,51,MEASURED,2022-01-29T22:02:00.0,50,165,,,,,,,,,,,,,,,,,,,73
96200873,2022-01-30,d2c293d5aff54cd9b1ccdfd5e07a65d0,86400000,2120,0,2120,2120,2120,2120,0,0,12410,0,0,2022-01-30T08:00:00.0,2022-01-31T08:00:00.0,2022-01-30T00:00:00.0,2022-01-31T00:00:00.0,0,0,0,0,150,10,true,false,false,false,false,false,false,0,96200873,2022-01-30,TOTAL,-1,-1,1440,1440,86400,86400,AWAKE,-1,-1,1440,1440,86400,86400,ASLEEP,-2,-2,3900002,,,,,,,,,,,,,,,,,,,,,,,,,,,,,,,,,,,,,,,,,,,,,,,,,,,,,,,,,,,,,,,
96200873,2022-01-31,c970b382d97646389d9ff308ae0ca314,86400000,2800,680,2120,2800,2800,2800,680,8385,12410,10609,10609,2022-01-31T08:00:00.0,2022-02-01T08:00:00.0,2022-01-31T00:00:00.0,2022-02-01T00:00:00.0,2700,1140,6,46,150,10,true,true,false,false,false,false,false,0,96200873,2022-01-31,TOTAL,68,67,1360,1430,81600,85800,AWAKE,68,67,1360,1430,81600,85800,ASLEEP,-2,-2,35160002,68,191,51,59,1643702400000,84,7,63,-401,420,,3780,60,180,180,84,7,63,-401,420,,3780,60,180,180,96200873,2022-01-31,0,15,1,HIGHEST,74,RESET,2022-01-31T16:48:00.0,LOWEST,59,MEASURED,2022-01-31T18:32:00.0,MOSTRECENT,59,MEASURED,2022-01-31T18:39:00.0,73,187,,,,,,,,,,,,,,,,,,,55
96200873,2022-02-01,1f4668ff461f41b8beb120da24278733,86400000,3093,973,2120,3093,3093,3093,973,14678,11610,16465,16465,2022-02-01T08:00:00.0,2022-02-02T08:00:00.0,2022-02-01T00:00:00.0,2022-02-02T00:00:00.0,3780,5024,6,57,150,10,true,true,false,false,false,false,false,0,96200873,2022-02-01,TOTAL,26,21,460,1420,27600,85200,AWAKE,26,21,460,1420,27600,85200,ASLEEP,-2,-2,72000002,44,186,53,57,1643788800000,90,382,578,7294,9420,13500,34680,6420,2700,300,90,382,578,7294,9420,13500,34680,6420,2700,300,96200873,2022-02-01,22,45,1,HIGHEST,80,MEASURED,2022-02-01T14:16:00.0,LOWEST,57,MEASURED,2022-02-02T00:00:00.0,MOSTRECENT,57,MEASURED,2022-02-02T00:26:00.0,46,181,,,,,,,,,,,,,,,,,,,75
96200873,2022-02-02,b4c46b80d8834a6291dd160034dd7bf0,86400000,2981,861,2120,2981,2981,2981,861,12702,11920,14778,14778,2022-02-02T08:00:00.0,2022-02-03T08:00:00.0,2022-02-02T00:00:00.0,2022-02-03T00:00:00.0,3720,3430,3,61,150,10,true,true,false,false,false,false,false,0,96200873,2022-02-02,TOTAL,20,16,506,1430,30360,85800,AWAKE,20,16,506,1430,30360,85800,ASLEEP,-2,-2,57780002,43,188,54,56,1643875200000,85,412,512,15271,6120,18600,30720,3420,2220,480,85,412,512,15271,6120,18600,30720,3420,2220,480,96200873,2022-02-02,26,39,1,HIGHEST,94,MEASURED,2022-02-02T21:39:00.0,LOWEST,70,MODELED,2022-02-03T00:29:00.0,MOSTRECENT,70,MEASURED,2022-02-03T00:49:00.0,51,185,,,,,,,,,,,,,,,,,,,75
96200873,2022-02-03,7648df7aaabf42eb8d7b12f7c02909b2,86400000,2874,754,2120,2874,2874,2874,754,10507,12080,11764,11764,2022-02-03T08:00:00.0,2022-02-04T08:00:00.0,2022-02-03T00:00:00.0,2022-02-04T00:00:00.0,2640,4415,5,46,150,10,true,true,false,false,false,false,false,0,96200873,2022-02-03,TOTAL,27,20,524,1435,31440,86100,AWAKE,30,23,497,1268,29820,76080,ASLEEP,10,11,71400002,44,181,55,54,1643961600000,87,793,118,15665,18180,29400,7080,9600,7320,1260,87,653,118,7474,18060,21120,7080,9540,7260,1260,96200873,2022-02-03,52,58,1,HIGHEST,87,MEASURED,2022-02-03T21:20:00.0,LOWEST,51,MEASURED,2022-02-04T03:23:00.0,MOSTRECENT,75,MEASURED,2022-02-04T08:00:00.0,46,179,60,140,167,8191,8280,10020,ENDOFDAY,57,MEASURED,2022-02-04T05:13:00.0,27,,120,,1620,60,60,,46
96200873,2022-02-04,18f84115ab4940699bc6516522e3b4b8,86400000,3187,1067,2120,3187,3187,3187,1067,14393,11930,16495,16495,2022-02-04T08:00:00.0,2022-02-05T08:00:00.0,2022-02-04T00:00:00.0,2022-02-05T00:00:00.0,5295,3490,9,63,150,10,true,true,false,false,false,false,false,0,96200873,2022-02-04,TOTAL,22,17,546,1437,32760,86220,AWAKE,36,26,545,1049,32700,62940,ASLEEP,8,9,72780002,40,188,54,46,1644048000000,93,758,133,25152,12960,32520,7980,6720,5340,900,93,372,132,-748,12720,9600,7920,6480,5340,900,96200873,2022-02-04,38,61,1,HIGHEST,100,MEASURED,2022-02-04T11:48:00.0,LOWEST,52,MEASURED,2022-02-05T00:09:00.0,MOSTRECENT,52,MEASURED,2022-02-05T00:43:00.0,42,188,50,386,388,25900,22920,23280,,,,,1,1,240,60,60,240,,,80
96200873,2022-02-05,8602a50791c04b359238b710653c01fa,86400000,2965,845,2120,2965,2965,2965,845,10785,12180,13216,13216,2022-02-05T08:00:00.0,2022-02-06T08:00:00.0,2022-02-05T00:00:00.0,2022-02-06T00:00:00.0,3900,405,3,63,150,10,true,true,false,false,false,false,false,0,96200873,2022-02-05,TOTAL,57,56,1346,1429,80760,85740,AWAKE,57,56,1346,1429,80760,85740,ASLEEP,-2,-2,36840002,73,179,,,,72,12,71,-508,660,60,4260,120,540,,72,12,71,-508,660,60,4260,120,540,,96200873,2022-02-05,0,18,1,HIGHEST,73,RESET,2022-02-05T16:56:00.0,LOWEST,55,MEASURED,2022-02-05T18:12:00.0,MOSTRECENT,55,MEASURED,2022-02-05T18:38:00.0,74,175,,,,,,,,,,,,,,,,,,,86
96200873,2022-02-06,5d7ec73e8ab14fe7a68d6f6adf50f081,86400000,2120,0,2120,2120,2120,2120,0,0,12040,0,0,2022-02-06T08:00:00.0,2022-02-07T08:00:00.0,2022-02-06T00:00:00.0,2022-02-07T00:00:00.0,0,0,0,0,150,10,true,false,false,false,false,false,false,0,96200873,2022-02-06,TOTAL,-1,-1,1419,1419,85140,85140,AWAKE,-1,-1,1419,1419,85140,85140,ASLEEP,-2,-2,73680003,,,,,,,,,,,,,,,,,,,,,,,,,,,,,,,,,,,,,,,,,,,,,,,,,,,,,,,,,,,,,,,
96200873,2022-02-07,4571ea65a29b4bbf8ec8cc39de28577d,86400000,3044,924,2120,3044,3044,3044,924,14037,12040,16290,16290,2022-02-07T08:00:00.0,2022-02-08T08:00:00.0,2022-02-07T00:00:00.0,2022-02-08T00:00:00.0,3900,4980,2,60,150,10,true,true,false,false,false,false,false,0,96200873,2022-02-07,TOTAL,17,14,887,1424,53220,85440,AWAKE,17,14,887,1424,53220,85440,ASLEEP,-2,-2,72180002,44,184,52,48,1644307200000,80,394,143,17724,5340,18300,8580,2520,2640,180,80,394,143,17724,5340,18300,8580,2520,2640,180,96200873,2022-02-07,35,43,1,HIGHEST,97,MEASURED,2022-02-07T22:38:00.0,LOWEST,72,MEASURED,2022-02-07T17:00:00.0,MOSTRECENT,75,MEASURED,2022-02-08T00:29:00.0,46,182,,,,,,,,,,,,,,,,,,,80
96200873,2022-02-08,1a1a4c48c3ae4c6eab5b6b079a0c0fbc,86400000,3164,1044,2120,3164,3164,3164,1044,14740,12240,16707,16707,2022-02-08T08:00:00.0,2022-02-09T08:00:00.0,2022-02-08T00:00:00.0,2022-02-09T00:00:00.0,3763,4418,3,67,150,10,true,true,false,false,false,false,false,0,96200873,2022-02-08,TOTAL,18,15,841,1436,50460,86160,AWAKE,18,15,841,1436,50460,86160,ASLEEP,-2,-2,58080002,40,193,51,50,1644393600000,84,453,142,19466,5340,21840,8520,2880,2040,420,84,453,142,19466,5340,21840,8520,2880,2040,420,96200873,2022-02-08,37,43,1,HIGHEST,98,MEASURED,2022-02-08T20:32:00.0,LOWEST,72,MEASURED,2022-02-09T00:05:00.0,MOSTRECENT,73,MEASURED,2022-02-09T01:55:00.0,46,193,,,,,,,,,,,,,,,,,,,78
96200873,2022-02-09,46f56837c3ab4367a9600604d2357831,86400000,3097,977,2120,3097,3097,3097,977,13652,12740,16145,16145,2022-02-09T08:00:00.0,2022-02-10T08:00:00.0,2022-02-09T00:00:00.0,2022-02-10T00:00:00.0,3900,3315,3,63,150,10,true,true,false,false,false,false,false,0,96200873,2022-02-09,TOTAL,17,15,904,1434,54240,86040,AWAKE,17,15,904,1434,54240,86040,ASLEEP,-2,-2,57840002,41,179,50,54,1644480000000,78,406,124,16769,4980,19380,7440,3360,1560,60,78,406,124,16769,4980,19380,7440,3360,1560,60,96200873,2022-02-09,29,37,1,HIGHEST,94,MEASURED,2022-02-09T21:40:00.0,LOWEST,71,MEASURED,2022-02-10T00:02:00.0,MOSTRECENT,71,MEASURED,2022-02-10T00:28:00.0,48,176,,,,,,,,,,,,,,,,,,,80
96200873,2022-02-10,7c6e7a8295e748ffae71fc3e8d097229,86400000,3137,1017,2120,3137,3137,3137,1017,14119,12930,16413,16413,2022-02-10T08:00:00.0,2022-02-11T08:00:00.0,2022-02-10T00:00:00.0,2022-02-11T00:00:00.0,3930,4435,3,66,150,10,true,true,false,false,false,false,false,0,96200873,2022-02-10,TOTAL,24,19,857,1434,51420,86040,AWAKE,24,19,857,1434,51420,86040,ASLEEP,-2,-2,58020002,42,189,50,54,1644566400000,81,442,135,11284,8520,18000,8100,4980,3300,240,81,442,135,11284,8520,18000,8100,4980,3300,240,96200873,2022-02-10,37,51,1,HIGHEST,83,MEASURED,2022-02-10T20:46:00.0,LOWEST,62,MEASURED,2022-02-11T00:06:00.0,MOSTRECENT,62,MEASURED,2022-02-11T00:38:00.0,45,183,,,,,,,,,,,,,,,,,,,80
96200873,2022-02-11,94efd7f92c7a4b22913884e78c6792af,86400000,3202,1082,2120,3202,3202,3202,1082,13836,13170,16776,16776,2022-02-11T08:00:00.0,2022-02-12T08:00:00.0,2022-02-11T00:00:00.0,2022-02-12T00:00:00.0,4812,326,1,81,150,10,true,true,false,false,false,false,false,0,96200873,2022-02-11,TOTAL,-1,-1,1349,1437,80940,86220,AWAKE,-1,-1,1349,1437,80940,86220,ASLEEP,-2,-2,30840002,72,177,,,,,,88,,,,5280,,,,,,88,,,,5280,,,,96200873,2022-02-11,0,24,1,HIGHEST,83,MEASURED,2022-02-11T14:38:00.0,LOWEST,59,MEASURED,2022-02-11T16:03:00.0,MOSTRECENT,59,MEASURED,2022-02-11T16:09:00.0,72,176,,,,,,,,,,,,,,,,,,,113
96200873,2022-02-12,2bc966e2ee394dfa897223ae6c67fb09,86400000,2120,0,2120,2120,2120,2120,0,0,13310,0,0,2022-02-12T08:00:00.0,2022-02-13T08:00:00.0,2022-02-12T00:00:00.0,2022-02-13T00:00:00.0,0,0,0,0,150,10,true,false,false,false,false,false,false,0,96200873,2022-02-12,TOTAL,-1,-1,1440,1440,86400,86400,AWAKE,-1,-1,1440,1440,86400,86400,ASLEEP,-2,-2,1,,,,,,,,,,,,,,,,,,,,,,,,,,,,,,,,,,,,,,,,,,,,,,,,,,,,,,,,,,,,,,,
96200873,2022-02-13,14a91adbd3d3410b972e554aed6321c8,86400000,2120,0,2120,2120,2120,2120,0,0,13310,0,0,2022-02-13T08:00:00.0,2022-02-14T08:00:00.0,2022-02-13T00:00:00.0,2022-02-14T00:00:00.0,0,0,0,0,150,10,true,false,false,false,false,false,false,0,96200873,2022-02-13,TOTAL,-1,-1,1440,1440,86400,86400,AWAKE,-1,-1,1440,1440,86400,86400,ASLEEP,-2,-2,1,,,,,,,,,,,,,,,,,,,,,,,,,,,,,,,,,,,,,,,,,,,,,,,,,,,,,,,,,,,,,,,
96200873,2022-02-14,9668c470dcb14282bbb34bea03fcb0a9,86400000,2120,0,2120,2120,2120,2120,0,0,13310,0,0,2022-02-14T08:00:00.0,2022-02-15T08:00:00.0,2022-02-14T00:00:00.0,2022-02-15T00:00:00.0,0,0,0,0,150,10,true,false,false,false,false,false,false,0,96200873,2022-02-14,TOTAL,-1,-1,1440,1440,86400,86400,AWAKE,-1,-1,1440,1440,86400,86400,ASLEEP,-2,-2,1,,,,,,,,,,,,,,,,,,,,,,,,,,,,,,,,,,,,,,,,,,,,,,,,,,,,,,,,,,,,,,,
96200873,2022-02-15,1887589540364437bbf73b51172f9590,86400000,2120,0,2120,2120,2120,2120,0,0,13310,0,0,2022-02-15T08:00:00.0,2022-02-16T08:00:00.0,2022-02-15T00:00:00.0,2022-02-16T00:00:00.0,0,0,0,0,150,10,true,false,false,false,false,false,false,0,96200873,2022-02-15,TOTAL,-1,-1,1440,1440,86400,86400,AWAKE,-1,-1,1440,1440,86400,86400,ASLEEP,-2,-2,1,,,,,,,,,,,,,,,,,,,,,,,,,,,,,,,,,,,,,,,,,,,,,,,,,,,,,,,,,,,,,,,
96200873,2022-02-16,a78a4f49e624464cb964a61c3b0c87b0,86400000,2120,0,2120,2120,2120,2120,0,0,13310,0,0,2022-02-16T08:00:00.0,2022-02-17T08:00:00.0,2022-02-16T00:00:00.0,2022-02-17T00:00:00.0,0,0,0,0,150,10,true,false,false,false,false,false,false,0,96200873,2022-02-16,TOTAL,-1,-1,1440,1440,86400,86400,AWAKE,-1,-1,1440,1440,86400,86400,ASLEEP,-2,-2,1,,,,,,,,,,,,,,,,,,,,,,,,,,,,,,,,,,,,,,,,,,,,,,,,,,,,,,,,,,,,,,,
